full_name,email,phone_number,birth_date,account_balancer,country
Tarrance Snoddon,tsnoddon0@miibeian.gov.cn,353-900-2502,7/10/1986,$40206.95,Brazil
Jordon Galliver,jgalliver1@de.vu,330-448-0334,2/10/2008,$63746.71,Mexico
Torr Briddle,tbriddle2@woothemes.com,747-696-7381,5/17/2003,$35266.07,Sweden
Ivan Bulter,ibulter3@dion.ne.jp,900-677-4739,6/3/1999,$17165.85,Indonesia
Rickard Burmingham,rburmingham4@google.es,214-183-9461,1/12/1927,$69119.02,Indonesia
Jarrod Ashpital,jashpital5@adobe.com,104-529-4659,4/23/1909,$56348.14,Peru
Bealle Jennins,bjennins6@berkeley.edu,361-165-3952,10/8/1919,$90720.80,China
Orlan Trim,otrim7@yellowpages.com,120-125-4482,6/27/1911,$16827.88,Russia
Silvan Cornbell,scornbell8@state.gov,540-120-7673,1/16/1989,$81871.08,Poland
Finn Klemps,fklemps9@icq.com,294-228-8821,2/20/1951,$36636.04,Ukraine
Ardenia Stocks,astocksa@jugem.jp,528-752-7183,2/25/1912,$85134.30,China
Lefty Provis,lprovisb@delicious.com,430-147-3273,8/3/2010,$99879.94,Indonesia
Christel Barczewski,cbarczewskic@theguardian.com,719-134-7418,11/3/1956,$21454.67,China
Allys Odde,aodded@indiegogo.com,915-839-7689,6/16/1925,$94582.50,Japan
Francis Bage,fbagee@nba.com,977-967-3234,10/6/1955,$76221.13,Colombia
Marcella Belvin,mbelvinf@oakley.com,687-772-6985,1/31/1987,$38694.50,Zimbabwe
Reginauld Mold,rmoldg@slate.com,991-695-5542,4/12/2011,$79110.25,China
Ike Zelner,izelnerh@cpanel.net,462-601-9869,11/12/1984,$54294.21,South Africa
Miguelita Baudains,mbaudainsi@pbs.org,937-712-0432,4/1/2017,$64091.77,Indonesia
Rebecca Fassman,rfassmanj@sohu.com,911-366-0447,9/2/1901,$28582.33,Portugal
Huntington Cowx,hcowxk@illinois.edu,997-363-0739,2/14/1922,$50901.07,Philippines
Adorne Willoughby,awilloughbyl@globo.com,845-957-0966,9/11/1934,$82978.96,Russia
Barbara-anne McKerley,bmckerleym@exblog.jp,203-478-9412,8/13/1908,$20721.36,United States
Harlie Gong,hgongn@w3.org,936-396-6082,12/24/1993,$60502.08,South Korea
Carena Melvin,cmelvino@google.com.au,970-577-2563,1/7/1938,$29955.74,Indonesia
Desi Eykelhof,deykelhofp@npr.org,524-607-8894,5/24/1957,$23588.75,Canada
Jereme Krier,jkrierq@psu.edu,288-274-7674,1/29/2007,$99756.72,Egypt
Carroll Slaght,cslaghtr@youtube.com,807-649-0963,9/18/1924,$64605.35,Japan
Vittoria Terron,vterrons@mapy.cz,647-391-3313,6/27/2004,$15440.29,China
Porty O'Rafferty,poraffertyt@examiner.com,565-487-4436,7/16/2021,$56327.92,Argentina
Felice Twidell,ftwidellu@apple.com,645-337-2279,2/20/1963,$67564.66,Philippines
Trever Crown,tcrownv@ow.ly,209-579-3790,3/1/1991,$13250.02,Poland
Verena McMichell,vmcmichellw@home.pl,275-728-3727,4/17/1985,$13140.04,China
Dunc Ohms,dohmsx@xrea.com,797-624-4341,11/8/2002,$77634.32,Cameroon
Kent Mourant,kmouranty@psu.edu,494-991-9108,1/19/1976,$43573.38,Nigeria
Briggs Eddison,beddisonz@furl.net,345-945-0628,1/12/2002,$90181.16,Philippines
Fanni Aikett,faikett10@ameblo.jp,781-405-7735,6/4/1944,$77572.11,Peru
Basile Wherry,bwherry11@google.fr,308-889-2409,2/18/1931,$3486.16,Japan
Barbe Kerans,bkerans12@symantec.com,368-980-5781,4/21/2008,$61294.29,Poland
Marleah Cossins,mcossins13@sciencedaily.com,378-137-1642,5/28/1969,$17980.70,Croatia
Humfrey Chopy,hchopy14@arizona.edu,821-526-3836,4/14/1994,$33441.12,Russia
Franny Minett,fminett15@altervista.org,432-615-7511,11/5/1990,$35198.99,Brazil
Kelsey Hendron,khendron16@ebay.co.uk,774-989-2250,12/21/1993,$75115.22,Russia
Windham Koche,wkoche17@lycos.com,543-945-5229,2/19/1977,$3611.83,China
Lonni Soigoux,lsoigoux18@narod.ru,474-226-3571,12/6/1985,$94337.82,Macedonia
Miner Watman,mwatman19@walmart.com,210-961-0503,8/3/1918,$96264.81,Philippines
Lainey Shellsheere,lshellsheere1a@marketwatch.com,495-806-2467,4/19/1945,$18449.04,Poland
Phil McLellan,pmclellan1b@technorati.com,537-705-8856,2/5/1968,$39216.20,Indonesia
Mattie Hampshire,mhampshire1c@mozilla.com,727-739-2793,12/17/1937,$24079.72,China
Modesty Trunchion,mtrunchion1d@wikispaces.com,806-998-0414,3/17/1931,$24608.65,Philippines
Hetty Spittal,hspittal1e@va.gov,876-262-2268,5/27/2008,$61136.54,Serbia
Charles Measen,cmeasen1f@jalbum.net,959-211-2000,11/5/1941,$57586.91,Sweden
Rodd Quade,rquade1g@macromedia.com,399-818-7515,11/3/1997,$91176.70,Tunisia
Ninnetta Mathe,nmathe1h@dell.com,284-480-8943,8/22/1949,$88801.22,Egypt
Rebecca Whitwell,rwhitwell1i@sourceforge.net,467-818-5438,11/6/1964,$76485.30,Pakistan
Delia Sandaver,dsandaver1j@csmonitor.com,715-295-7613,1/2/1952,$20398.78,South Africa
Aili Chisnall,achisnall1k@tmall.com,213-286-1786,6/24/1930,$19333.23,China
Meryl Perassi,mperassi1l@weebly.com,914-586-2603,9/22/1988,$76927.25,China
Sayres Dan,sdan1m@gizmodo.com,519-362-6856,1/12/1902,$67290.97,Brazil
Kipp Kopje,kkopje1n@smh.com.au,425-577-7726,9/9/2018,$96423.68,Sweden
Aurel Burfitt,aburfitt1o@washington.edu,641-308-1762,6/10/2009,$83758.69,Albania
Anders Wetton,awetton1p@miibeian.gov.cn,139-990-5937,5/23/1946,$60102.05,Thailand
Jeniffer Grouvel,jgrouvel1q@free.fr,289-111-3813,5/20/1984,$20591.79,Russia
Zilvia Mowbray,zmowbray1r@apple.com,800-563-4980,2/12/2014,$81520.46,Nigeria
Georgie Crimpe,gcrimpe1s@t.co,498-428-1442,12/30/1940,$5470.35,Estonia
Sully Escritt,sescritt1t@sbwire.com,412-778-1341,1/31/1961,$70920.18,Nigeria
Ignaz Chilcotte,ichilcotte1u@columbia.edu,746-425-3211,6/24/1938,$9416.89,Mongolia
Lucas Alcorn,lalcorn1v@hugedomains.com,869-942-1029,8/15/1969,$56879.28,China
Romola Pestricke,rpestricke1w@virginia.edu,548-362-5487,9/17/1961,$15162.34,Ukraine
Herminia Crosse,hcrosse1x@senate.gov,855-424-4857,9/19/1981,$11263.63,Mexico
Shay Bursnall,sbursnall1y@arstechnica.com,573-792-0726,1/11/1977,$72470.87,Russia
Cristen Crum,ccrum1z@adobe.com,432-725-6872,3/2/1913,$62475.30,Ukraine
Renaldo Lakey,rlakey20@reuters.com,648-777-7237,10/17/2012,$66025.80,China
Ricca Archdeacon,rarchdeacon21@mapy.cz,270-678-7466,9/8/1948,$55083.28,China
Merci Baillie,mbaillie22@army.mil,959-453-4986,12/31/1937,$20798.78,Portugal
Jobie Westnage,jwestnage23@house.gov,447-850-6054,7/27/1998,$69399.85,China
Duffie Gallally,dgallally24@fotki.com,546-871-3497,2/17/1940,$77591.72,Equatorial Guinea
Shaina Drewe,sdrewe25@netlog.com,101-195-2529,6/10/1985,$17622.96,Estonia
Claiborn Castelow,ccastelow26@weebly.com,591-157-0431,4/11/1939,$50401.19,China
Ninnetta Cheater,ncheater27@imdb.com,981-562-3251,8/12/1929,$46991.94,Philippines
Arley Blaxeland,ablaxeland28@businessweek.com,821-634-9121,11/18/1983,$90905.92,Japan
Daryl Kos,dkos29@washingtonpost.com,689-452-4067,3/2/1931,$4822.09,Bosnia and Herzegovina
Ralf Cash,rcash2a@acquirethisname.com,168-171-1673,10/23/1992,$82953.67,Bolivia
Zorana Willoughby,zwilloughby2b@nps.gov,478-609-9835,7/25/1972,$6004.87,China
Nickey Elks,nelks2c@yellowpages.com,945-317-7277,7/15/1956,$17806.59,Palestinian Territory
Carry Butterley,cbutterley2d@alexa.com,481-244-3272,7/6/1987,$68744.78,China
Shurwood Rawsthorne,srawsthorne2e@nationalgeographic.com,804-115-5763,12/27/1943,$86042.06,Poland
Glen Craufurd,gcraufurd2f@dyndns.org,189-312-7257,10/15/1972,$31131.14,China
Krysta Grimes,kgrimes2g@loc.gov,818-221-6561,3/26/1917,$10166.75,Poland
Upton Boothebie,uboothebie2h@slate.com,976-280-0949,8/14/2022,$37548.53,Sweden
Rogers Hasel,rhasel2i@ed.gov,785-399-6279,11/28/1932,$27359.05,France
Marla Bilbrook,mbilbrook2j@sogou.com,203-326-3243,9/6/2009,$32904.85,Portugal
Siffre Kingh,skingh2k@infoseek.co.jp,867-478-7528,5/30/1963,$65722.14,Peru
Titus Gorce,tgorce2l@merriam-webster.com,318-902-1340,4/16/1947,$34670.58,China
Daisi Thomasset,dthomasset2m@home.pl,983-947-7892,12/17/1980,$54057.17,China
Shirlene Lowen,slowen2n@cyberchimps.com,983-142-6507,4/21/1904,$85507.36,China
Darnell Mountjoy,dmountjoy2o@odnoklassniki.ru,676-416-0088,7/4/1901,$7375.21,Bulgaria
Vittoria Heaton,vheaton2p@virginia.edu,624-144-6561,5/5/2008,$35309.61,Russia
Cole Marnane,cmarnane2q@ihg.com,963-214-4198,9/4/2019,$59052.56,Yemen
Tarah Kiebes,tkiebes2r@si.edu,945-602-7768,6/20/1953,$66491.39,Sweden
Shirl Tellenbroker,stellenbroker2s@shinystat.com,207-983-6279,10/7/1981,$65220.41,Japan
Augustina Wissbey,awissbey2t@foxnews.com,210-945-0089,1/12/1997,$5926.33,Poland
Sullivan Olle,solle2u@europa.eu,404-325-6227,8/14/1970,$37993.38,Portugal
Lonnard Mogey,lmogey2v@sourceforge.net,214-758-6132,2/22/1945,$57717.05,Argentina
Rodolfo Jobb,rjobb2w@washingtonpost.com,626-285-7305,10/29/1921,$43754.93,Haiti
Cyrus Reuter,creuter2x@hhs.gov,457-582-9988,7/7/1943,$66526.06,Brazil
Steven Brettoner,sbrettoner2y@businesswire.com,332-594-3615,3/23/2015,$33519.43,Netherlands
Vanessa Ovitz,vovitz2z@prweb.com,183-685-5616,7/31/1969,$49275.00,China
Breanne MacPike,bmacpike30@abc.net.au,352-762-0855,12/24/1904,$12219.70,Honduras
Mellicent Bartrap,mbartrap31@rakuten.co.jp,714-771-6091,1/27/1953,$71276.89,Uruguay
Ruggiero Brownstein,rbrownstein32@mlb.com,129-310-4474,11/6/1917,$41833.16,China
Humfrey Kach,hkach33@tuttocitta.it,150-985-3091,5/8/1992,$36932.79,Nigeria
Luella Dunlap,ldunlap34@seattletimes.com,156-866-0888,9/3/1931,$46081.28,China
Minerva Blenkiron,mblenkiron35@ucsd.edu,111-831-5039,7/10/1982,$85515.64,Thailand
Nadine Doleman,ndoleman36@sciencedirect.com,798-383-8134,7/13/1928,$77420.44,Russia
Nancy Baldetti,nbaldetti37@example.com,133-961-2242,11/1/1962,$90408.62,Brazil
Talbot Jeffcoat,tjeffcoat38@telegraph.co.uk,166-315-9287,12/24/1947,$83297.44,China
Dorothea Jackson,djackson39@desdev.cn,679-572-3084,8/31/2005,$52633.26,Czech Republic
Auguste Scolding,ascolding3a@cnn.com,418-842-5022,3/24/1939,$86921.03,Brazil
Nerita Cullingworth,ncullingworth3b@unc.edu,831-372-7192,7/31/2017,$86310.85,China
May Caselli,mcaselli3c@vinaora.com,626-845-4501,7/9/1914,$56765.68,Indonesia
Leon Kirstein,lkirstein3d@state.tx.us,862-814-6391,3/31/2000,$413.74,Brazil
Ferdinand Colisbe,fcolisbe3e@wikipedia.org,950-582-7725,10/23/1969,$82455.97,Nigeria
Franciskus Southwell,fsouthwell3f@auda.org.au,191-156-8557,6/5/1905,$51498.15,China
Elinor Smeall,esmeall3g@yellowbook.com,161-262-5710,4/26/1927,$62523.84,Democratic Republic of the Congo
Leela Hutten,lhutten3h@wisc.edu,314-595-0715,6/27/2019,$46785.82,Portugal
Jacquette McNirlan,jmcnirlan3i@usda.gov,753-836-3726,3/20/1901,$28284.51,Malaysia
Yolanthe Owthwaite,yowthwaite3j@eventbrite.com,323-997-3824,1/15/1986,$24194.07,Brazil
Flss Seago,fseago3k@yale.edu,971-536-6215,4/25/1959,$88634.37,Iran
Mona Chandler,mchandler3l@chronoengine.com,608-386-6847,1/25/1941,$49419.75,United States
Tudor Robart,trobart3m@berkeley.edu,288-201-1655,6/25/1908,$15869.89,Philippines
Colleen Locket,clocket3n@archive.org,377-827-5404,9/16/1990,$45226.33,Indonesia
Wilmer Reggio,wreggio3o@tinyurl.com,742-542-8248,8/18/2008,$52525.04,Brazil
Robinson Goodram,rgoodram3p@theguardian.com,815-954-3550,1/9/1919,$91372.47,China
Emmi Paulou,epaulou3q@zimbio.com,767-879-7278,8/29/1966,$17513.81,Poland
Ardath Claye,aclaye3r@surveymonkey.com,375-757-1030,5/5/1915,$12530.26,Indonesia
Aridatha Gronowe,agronowe3s@hc360.com,732-906-9608,3/10/1909,$78608.64,China
Jami Coronado,jcoronado3t@biglobe.ne.jp,672-114-8239,8/5/1953,$81158.81,Israel
Henrik Dumphy,hdumphy3u@oracle.com,661-290-8857,5/22/1911,$93997.23,China
Gerianna Herrieven,gherrieven3v@myspace.com,730-775-5707,10/29/1982,$76777.09,Brazil
Pepito Garton,pgarton3w@ning.com,730-246-6790,2/27/1913,$53898.01,China
Isidore Boncore,iboncore3x@usatoday.com,378-322-2507,3/11/2005,$88240.99,Thailand
Cybil Sleicht,csleicht3y@google.es,431-566-9522,12/13/1967,$38535.02,Indonesia
Bartel Worsall,bworsall3z@shutterfly.com,772-860-3582,9/1/1909,$63329.08,Mauritius
Blake Lumby,blumby40@narod.ru,497-547-4163,3/29/1990,$9291.27,France
Barbie MacMickan,bmacmickan41@phoca.cz,188-417-8449,2/14/2009,$27259.82,Indonesia
Aubrey Songhurst,asonghurst42@ameblo.jp,185-673-2902,12/8/1934,$32532.38,Azerbaijan
Stacia Ailmer,sailmer43@boston.com,257-504-3890,10/14/1984,$24631.79,Norway
Lyon Neate,lneate44@paypal.com,551-869-2448,9/19/1970,$95494.99,Russia
Ursala Bisset,ubisset45@sbwire.com,990-855-0159,6/2/1988,$44658.59,Philippines
Latrena Thumann,lthumann46@slashdot.org,446-321-7575,11/26/1975,$67546.08,Japan
Hamish Sugar,hsugar47@nba.com,105-233-6985,5/7/1967,$40230.98,China
Duke Hensmans,dhensmans48@hp.com,182-492-0316,9/22/1985,$82859.56,Cape Verde
Baily Laird,blaird49@nbcnews.com,660-516-9587,1/6/1919,$16015.78,Israel
Isidor Sandhill,isandhill4a@biglobe.ne.jp,455-297-5507,1/19/1935,$54409.05,Russia
Jenica Attkins,jattkins4b@google.cn,319-967-0654,12/29/1901,$30035.68,Iran
Rania O'Cooney,rocooney4c@hubpages.com,922-777-5279,2/1/2017,$15222.89,Indonesia
Jacynth Downse,jdownse4d@eepurl.com,494-132-4777,5/3/2012,$95729.27,China
Cory Toler,ctoler4e@geocities.com,289-121-7285,2/3/2020,$48142.64,Brazil
Breanne Gange,bgange4f@freewebs.com,410-290-1258,5/7/1924,$36774.27,United States
Davy Dumbelton,ddumbelton4g@sourceforge.net,902-558-5822,5/17/1964,$48448.10,Malaysia
Christye Nipper,cnipper4h@cmu.edu,616-398-5843,9/28/1953,$72202.09,Indonesia
Matthew Gregorowicz,mgregorowicz4i@usnews.com,571-849-3809,9/7/2016,$12173.17,China
Traver Clandillon,tclandillon4j@springer.com,454-589-4167,2/4/1992,$38933.73,Guatemala
Stacie Robertson,srobertson4k@wired.com,567-424-0144,1/27/1933,$45773.80,Ukraine
Charley Siveyer,csiveyer4l@tumblr.com,347-914-6172,3/16/1956,$7335.52,Russia
Cal Hatcher,chatcher4m@patch.com,793-935-6418,8/1/2006,$42334.92,New Caledonia
Kandy Ivanchenkov,kivanchenkov4n@time.com,990-596-4692,8/8/2013,$3703.39,Brazil
Melvyn Madgwick,mmadgwick4o@earthlink.net,676-357-9865,11/28/1942,$93520.84,China
Timmy Matteotti,tmatteotti4p@yahoo.com,768-185-8690,6/16/1926,$50355.66,Indonesia
Elisa Godfree,egodfree4q@ning.com,188-956-2960,11/20/1965,$2492.94,Ecuador
Judye Fishlock,jfishlock4r@usatoday.com,429-365-1098,5/12/2022,$73850.82,China
Web Reilly,wreilly4s@npr.org,449-567-8542,7/21/1902,$5032.80,Aland Islands
Korie Rogerot,krogerot4t@wikispaces.com,448-748-7745,4/17/1923,$69989.50,China
Linn Edards,ledards4u@pagesperso-orange.fr,908-376-6741,6/15/1926,$11491.52,China
Kariotta Beedell,kbeedell4v@nydailynews.com,143-991-4551,11/10/1957,$61790.15,Kyrgyzstan
Phyllida Goakes,pgoakes4w@sciencedaily.com,656-680-6377,8/17/2012,$68491.66,Czech Republic
Cooper Lukehurst,clukehurst4x@techcrunch.com,666-941-6747,1/14/1954,$61964.33,Croatia
Sheena Vowels,svowels4y@topsy.com,582-469-3054,7/18/1984,$43132.88,Brazil
Bobbye Fairn,bfairn4z@examiner.com,232-261-9678,1/22/2018,$58997.47,Azerbaijan
Hillery Lathee,hlathee50@usda.gov,661-694-7816,5/22/1954,$76076.41,Russia
Aime Martinson,amartinson51@ifeng.com,592-875-9879,3/4/1956,$3937.08,Afghanistan
Rodrick Bend,rbend52@1und1.de,998-515-5475,8/28/2015,$11237.29,Poland
Ralf Albutt,ralbutt53@mtv.com,601-353-5666,4/25/1918,$40158.31,Japan
Dex Cremin,dcremin54@geocities.com,351-931-0966,10/23/1926,$1539.79,Poland
Baird Jewkes,bjewkes55@51.la,210-211-1934,6/15/1976,$47647.88,Colombia
Loy Demangel,ldemangel56@google.nl,699-129-5347,2/7/1989,$32558.45,Sudan
Sig Skitch,sskitch57@netscape.com,262-860-4141,5/29/1945,$57358.40,Ukraine
Chico Heers,cheers58@delicious.com,757-669-6442,5/18/1995,$3291.61,Croatia
Damon Dolley,ddolley59@youtu.be,731-436-5349,6/30/2004,$7583.72,China
Rachele Oakeby,roakeby5a@dropbox.com,429-781-7982,1/17/1962,$84439.76,Honduras
Rafaela Suggey,rsuggey5b@cbc.ca,724-189-7099,2/5/1997,$70743.33,Philippines
Sim Kitchinham,skitchinham5c@amazon.co.uk,594-448-6892,7/10/1940,$29235.73,Philippines
Fara Bedle,fbedle5d@ucoz.com,924-290-3621,4/27/1968,$15920.70,Uganda
Aidan Gann,agann5e@columbia.edu,707-892-7922,3/14/1986,$22017.96,China
Rand Caseri,rcaseri5f@nsw.gov.au,348-822-7239,12/9/1946,$33239.17,China
Stan Aldwick,saldwick5g@netscape.com,617-266-2681,10/27/1939,$34217.42,United States
Reese Luscombe,rluscombe5h@sourceforge.net,325-542-0108,3/8/2021,$95968.25,Mexico
Danika Wild,dwild5i@issuu.com,382-538-9962,4/13/1936,$162.84,Sweden
Starlin Barraclough,sbarraclough5j@google.com.hk,805-511-4835,9/27/2020,$22894.54,Sri Lanka
Sarajane Sarfat,ssarfat5k@upenn.edu,195-558-7221,11/25/1905,$52341.93,Syria
Merv Gaishson,mgaishson5l@instagram.com,865-590-5166,9/13/1937,$79730.81,Czech Republic
Olimpia Jerrems,ojerrems5m@yellowpages.com,569-424-0773,11/16/1989,$1741.06,Poland
Chaddy Instock,cinstock5n@nydailynews.com,301-288-8133,8/8/1938,$97377.99,Canada
Sibby Vigietti,svigietti5o@patch.com,167-232-5132,3/4/1932,$39296.36,Indonesia
Godard McKaile,gmckaile5p@msu.edu,306-409-3342,12/3/1991,$81408.11,Russia
Aileen Pearn,apearn5q@chicagotribune.com,284-316-7202,10/24/1904,$43109.25,Ukraine
Mella Andren,mandren5r@lycos.com,276-460-3682,8/12/1992,$53209.22,Croatia
Jobyna Wadforth,jwadforth5s@photobucket.com,783-318-8424,6/1/1927,$42071.66,Indonesia
Livvy Lanfear,llanfear5t@hubpages.com,742-517-6721,8/4/1918,$46121.86,China
Jodee D'Onisi,jdonisi5u@jigsy.com,625-617-1296,3/20/1939,$38012.34,South Africa
Lavena Ledbury,lledbury5v@github.io,115-237-6048,3/10/1968,$13824.00,Portugal
Florrie Hindge,fhindge5w@google.es,236-979-8477,8/16/1911,$9518.68,China
Hetti O'Daly,hodaly5x@chicagotribune.com,229-250-2724,9/16/1957,$63456.59,United States
Werner Audenis,waudenis5y@blogspot.com,111-750-6543,5/23/1954,$80645.15,China
Skipton Bever,sbever5z@usa.gov,466-327-1717,1/2/1911,$64266.05,Czech Republic
Haley Hartless,hhartless60@bluehost.com,189-720-7911,11/17/1904,$31420.81,Mongolia
Celisse Sperring,csperring61@is.gd,342-855-3828,5/3/1914,$98646.98,France
Jillian Marcam,jmarcam62@example.com,989-572-4748,11/2/1916,$94285.98,Guatemala
Lorrie Panther,lpanther63@godaddy.com,545-964-2827,3/7/1961,$9359.67,Philippines
Felisha Gillion,fgillion64@wikispaces.com,205-468-7466,3/7/1917,$81231.10,Greece
Lainey O'Fallon,lofallon65@hud.gov,104-250-1122,7/14/2018,$51787.00,Colombia
Nanon Abate,nabate66@nbcnews.com,647-585-0968,12/25/2010,$48584.69,Colombia
Jay Jacob,jjacob67@hibu.com,706-649-9638,1/17/1919,$45144.25,Philippines
Tymon Desantis,tdesantis68@sciencedaily.com,999-416-4821,3/7/1985,$97974.94,Russia
Blanca Aucoate,baucoate69@wsj.com,679-918-2990,10/19/1910,$2264.73,Finland
Tyson Crayk,tcrayk6a@imdb.com,287-713-7571,5/8/1923,$43299.79,Russia
Lotti Milan,lmilan6b@economist.com,403-204-2160,10/19/1933,$29523.80,China
Deedee Mate,dmate6c@theguardian.com,634-359-9413,3/23/1910,$45267.45,China
Calla Blenkharn,cblenkharn6d@newsvine.com,506-481-2235,11/18/1981,$78560.06,Russia
Salaidh Kemmey,skemmey6e@smh.com.au,723-952-4495,11/30/1984,$3535.34,China
Louisa Van Rembrandt,lvan6f@joomla.org,802-265-4455,1/13/1938,$17347.12,Portugal
Elfreda Peattie,epeattie6g@odnoklassniki.ru,782-135-2932,3/31/2016,$49080.65,Uzbekistan
Bucky Augar,baugar6h@spiegel.de,982-137-4339,5/9/1934,$84000.73,Russia
Elga Churchley,echurchley6i@unc.edu,666-431-6155,10/17/1984,$31613.29,Albania
Bernhard Barthot,bbarthot6j@hatena.ne.jp,114-967-4022,6/13/1937,$65133.46,Jamaica
Phyllida Gower,pgower6k@home.pl,829-864-4778,6/29/1968,$32094.50,Albania
Katusha Varne,kvarne6l@odnoklassniki.ru,657-454-2043,12/17/1961,$27660.49,China
Berget Loftie,bloftie6m@surveymonkey.com,388-645-3837,7/25/1928,$34151.92,Ukraine
Rosalie Hulance,rhulance6n@simplemachines.org,223-746-7184,12/8/1987,$62847.71,Tanzania
See Donoghue,sdonoghue6o@kickstarter.com,110-215-1303,9/17/1967,$11621.42,Poland
Lotti Twells,ltwells6p@deviantart.com,131-856-6234,3/27/1966,$20703.12,Brazil
Dian Batterson,dbatterson6q@discovery.com,233-637-6502,12/31/1984,$45362.47,Portugal
Zacherie Purcell,zpurcell6r@zdnet.com,820-476-4248,3/8/2009,$16829.53,Sweden
Othello Hurleston,ohurleston6s@craigslist.org,712-607-9152,12/8/1940,$56587.92,France
Ermengarde Barks,ebarks6t@discuz.net,880-458-2086,10/4/1960,$23388.22,Ukraine
Almire Matthias,amatthias6u@mozilla.com,264-859-3864,10/25/2023,$80747.73,Poland
Charil Weedenburg,cweedenburg6v@slideshare.net,709-855-8119,3/9/1990,$25856.16,China
Clarie Bartolommeo,cbartolommeo6w@springer.com,639-564-1107,4/30/1950,$8715.54,Nigeria
Jude Tarzey,jtarzey6x@altervista.org,778-309-2317,2/25/2008,$75434.22,Sweden
Simone Shearn,sshearn6y@jugem.jp,619-999-9325,8/22/1982,$39431.64,United States
Francesco Lace,flace6z@un.org,834-826-5791,5/27/1923,$36065.32,Mexico
Augustine Sheddan,asheddan70@usnews.com,154-230-3791,9/11/1910,$62119.87,Pakistan
Conrado Scogin,cscogin71@virginia.edu,217-455-3148,3/9/1965,$43899.29,Peru
Miran Dubber,mdubber72@nhs.uk,116-627-7267,6/18/1982,$53514.34,France
Petronella Cowndley,pcowndley73@mlb.com,869-780-0150,4/15/1952,$43216.05,Russia
Elisabet Borham,eborham74@twitter.com,919-318-1944,10/19/1919,$28530.21,Malaysia
Alvie Bettaney,abettaney75@dion.ne.jp,392-281-1371,9/25/1907,$6245.32,China
Jefferson Monan,jmonan76@plala.or.jp,789-606-0723,7/12/1929,$24788.10,Tunisia
Moria Dupey,mdupey77@reuters.com,872-142-9598,10/3/2001,$44057.40,Pakistan
Daryn Emmert,demmert78@blog.com,613-847-5586,1/26/2018,$10991.56,Indonesia
Norine Francecione,nfrancecione79@163.com,349-535-9838,12/22/1913,$6929.96,Nigeria
Lavinia Cosley,lcosley7a@barnesandnoble.com,924-984-7690,6/6/1922,$59298.33,China
Arlee Stickney,astickney7b@yellowbook.com,153-119-8724,6/25/1924,$25497.59,Bulgaria
Cathie Boraston,cboraston7c@wp.com,287-604-3490,12/2/1984,$81009.48,Argentina
Florinda Mallord,fmallord7d@wix.com,217-283-5938,12/8/1919,$78230.96,Brazil
Antonius Streeton,astreeton7e@biblegateway.com,933-614-8005,5/17/2020,$47726.15,Norway
Joan Dimitresco,jdimitresco7f@arizona.edu,104-262-6171,2/12/1998,$55642.74,Portugal
Brendan Seymark,bseymark7g@qq.com,111-267-4877,8/23/1995,$8477.70,Colombia
Neron Dumbrell,ndumbrell7h@angelfire.com,825-240-4595,2/26/1999,$33021.50,Indonesia
Hedwig Brookton,hbrookton7i@google.pl,953-460-8401,3/15/1959,$4373.07,Malaysia
Axe Early,aearly7j@thetimes.co.uk,445-947-9095,12/9/1989,$23216.80,Colombia
Drud Adolf,dadolf7k@amazon.co.uk,141-219-4613,12/8/1919,$49301.78,Samoa
Dannie Arndt,darndt7l@com.com,432-592-5002,9/19/1924,$70331.74,Indonesia
Libbie Hanaby,lhanaby7m@state.gov,956-452-5845,2/21/1961,$43567.13,Sweden
Rees Vallentine,rvallentine7n@webeden.co.uk,555-390-7393,5/13/1903,$74321.75,Kazakhstan
Bret Bockmann,bbockmann7o@4shared.com,913-511-3055,5/8/1988,$59617.94,Philippines
Kass Lynde,klynde7p@hatena.ne.jp,522-167-0948,2/28/1988,$32478.10,Indonesia
Shelli Brahmer,sbrahmer7q@surveymonkey.com,503-751-5258,2/17/1934,$88681.95,Ecuador
Caryl Kyneton,ckyneton7r@noaa.gov,380-396-1574,3/6/1976,$2969.04,China
Florian Strangeway,fstrangeway7s@imageshack.us,570-617-2145,12/3/1998,$22177.56,China
Lura Abbet,labbet7t@pagesperso-orange.fr,759-136-6918,7/29/1909,$47347.39,Greece
Doralynne Hulks,dhulks7u@elegantthemes.com,313-265-0797,9/16/1957,$27904.76,Philippines
Danica Jahnel,djahnel7v@purevolume.com,691-787-9086,9/3/1955,$48504.14,Canada
Ogdan Haste,ohaste7w@bbb.org,929-948-7860,10/15/1943,$71991.73,Peru
Moshe Manklow,mmanklow7x@fc2.com,350-721-7324,2/22/2019,$44806.64,Poland
Carmen Viggers,cviggers7y@merriam-webster.com,212-781-3104,7/10/1945,$43187.86,China
Matias Nolton,mnolton7z@miibeian.gov.cn,314-926-6488,10/5/1908,$58921.77,China
Rickey Rathmell,rrathmell80@example.com,828-712-4252,12/20/1987,$78513.46,Philippines
Kincaid Killgus,kkillgus81@walmart.com,262-186-1598,6/29/1912,$64873.96,China
Hurleigh Ardling,hardling82@ovh.net,467-211-6313,11/29/1940,$42380.34,Indonesia
Greggory Beche,gbeche83@goo.gl,785-485-2448,10/12/1940,$70511.64,China
Peg Cainey,pcainey84@mac.com,678-591-6203,9/17/1996,$49120.94,France
Carl Gonsalvez,cgonsalvez85@vinaora.com,683-899-2982,7/3/2006,$33902.86,Indonesia
Margareta Ferrillio,mferrillio86@chron.com,731-159-0018,6/27/1918,$98998.60,Bolivia
Warden Behn,wbehn87@bloglovin.com,663-397-3764,3/15/1960,$92371.92,Argentina
La verne Bern,lverne88@elpais.com,896-308-8966,2/25/2009,$28235.41,Indonesia
Aleksandr Gozney,agozney89@shinystat.com,584-702-2625,3/13/1977,$23210.40,Indonesia
Leese Weatherburn,lweatherburn8a@admin.ch,196-248-2815,2/23/1977,$85693.25,Nigeria
Morna Bramford,mbramford8b@illinois.edu,618-157-1860,6/20/1924,$21270.79,Namibia
Beaufort De Malchar,bde8c@reference.com,488-333-1900,8/28/1974,$24601.84,Russia
Mariellen Jakubowsky,mjakubowsky8d@wisc.edu,629-380-1650,2/15/1918,$2088.70,China
Malena Walesby,mwalesby8e@usa.gov,487-177-8071,5/29/1975,$62645.35,Madagascar
Lurlene Stelli,lstelli8f@wikimedia.org,186-151-9890,4/2/1931,$78021.03,Bolivia
Tess Garling,tgarling8g@walmart.com,571-656-2277,6/28/1918,$41742.31,United States
Theresita Catlette,tcatlette8h@163.com,586-233-8958,3/29/1916,$48885.01,China
Atalanta Fould,afould8i@springer.com,180-430-5645,3/3/1910,$20341.15,Indonesia
Brewster Fraulo,bfraulo8j@example.com,515-236-2402,9/4/1945,$55081.93,United States
Giusto Gariff,ggariff8k@gizmodo.com,813-547-8724,5/15/1937,$83723.41,China
Jo-anne Maydwell,jmaydwell8l@boston.com,846-108-8850,6/25/1918,$86569.91,Poland
Brita Prophet,bprophet8m@ezinearticles.com,164-215-0987,2/2/1910,$39986.31,Bulgaria
Hermia Banfield,hbanfield8n@fastcompany.com,303-310-1839,11/10/1952,$5226.01,United States
Edmund McCleary,emccleary8o@tinyurl.com,442-620-6628,12/20/1922,$34997.96,Portugal
Siffre Idale,sidale8p@arstechnica.com,385-127-5674,7/11/1941,$87767.58,France
Siobhan Maypole,smaypole8q@cpanel.net,889-745-2889,8/7/2023,$45800.22,Russia
Shaylah Fanthome,sfanthome8r@smh.com.au,714-472-2602,9/22/1953,$5250.07,Colombia
Hasheem Dunthorn,hdunthorn8s@google.co.uk,844-161-5861,3/19/1964,$14918.58,Nigeria
Stefanie Iacovozzo,siacovozzo8t@barnesandnoble.com,758-499-9952,2/20/2000,$12197.26,China
Adriena Charrington,acharrington8u@patch.com,187-836-6173,2/22/2009,$9774.46,Ireland
Maje Bavester,mbavester8v@ameblo.jp,248-913-9454,3/13/1992,$35335.73,China
Allyn Olerenshaw,aolerenshaw8w@usnews.com,410-470-0388,9/23/1948,$29656.31,Indonesia
Wallache China,wchina8x@ed.gov,527-317-7773,10/28/2016,$52135.35,Paraguay
Clarence Burden,cburden8y@nifty.com,916-192-4659,2/17/1943,$7186.11,Sweden
Ninetta Quipp,nquipp8z@acquirethisname.com,209-259-3477,7/7/2023,$73568.07,United States
Lorry Lippatt,llippatt90@japanpost.jp,444-255-2096,7/2/1998,$11361.41,Greece
Shermy Le Claire,sle91@seesaa.net,356-632-7394,2/14/2023,$18870.89,Russia
Olivero Tamburi,otamburi92@bigcartel.com,340-233-9355,4/13/1944,$80160.43,Uzbekistan
Burt Puckham,bpuckham93@bbc.co.uk,724-170-3799,12/5/2004,$59965.39,China
Gabriel Ortell,gortell94@cbsnews.com,133-500-5627,3/25/1975,$30237.05,China
Catrina Carstairs,ccarstairs95@chicagotribune.com,160-277-7342,3/28/2007,$34722.72,Brazil
Moses Benzie,mbenzie96@howstuffworks.com,798-712-6319,11/29/1930,$54048.54,Egypt
Henrie Janssen,hjanssen97@washington.edu,742-322-1544,1/15/2009,$44164.96,Brazil
Marigold McIlmurray,mmcilmurray98@4shared.com,351-357-8704,1/7/1968,$40251.39,Philippines
Padraic Lennox,plennox99@wikispaces.com,582-629-9253,2/8/1992,$89469.60,China
Ulrike Buxcey,ubuxcey9a@163.com,917-289-5673,3/1/1927,$28884.90,Portugal
Trista Iddon,tiddon9b@dropbox.com,851-896-2850,2/18/1984,$76461.44,Portugal
Conni Wadforth,cwadforth9c@addtoany.com,358-757-2492,10/31/1969,$96827.76,China
Ruddie Crosdill,rcrosdill9d@freewebs.com,653-251-7999,7/14/1981,$62701.08,Indonesia
Ebenezer McNelis,emcnelis9e@webs.com,965-866-1176,12/26/2001,$55311.70,China
Emmy Room,eroom9f@cnn.com,920-935-8367,11/30/1911,$97118.50,Japan
Kally Egell,kegell9g@craigslist.org,341-829-7292,6/26/1939,$9456.87,Indonesia
Efrem Campagne,ecampagne9h@deviantart.com,477-428-4124,8/18/1988,$41470.74,Sweden
Katharina Millis,kmillis9i@cornell.edu,354-310-7725,8/7/1967,$924.03,Ireland
Carena Tosney,ctosney9j@typepad.com,392-585-0654,9/3/1964,$42714.34,Ukraine
Melesa Cloy,mcloy9k@eventbrite.com,423-966-0649,3/13/1956,$42429.02,China
Nicky Leil,nleil9l@vimeo.com,230-628-3210,8/28/1909,$58402.21,Mauritius
Cariotta Gotecliffe,cgotecliffe9m@godaddy.com,940-115-7179,2/2/1957,$44939.85,Sweden
Ashton Hulstrom,ahulstrom9n@japanpost.jp,179-838-5300,1/3/1913,$36595.17,China
Siegfried Melesk,smelesk9o@plala.or.jp,392-876-1721,4/12/1945,$63867.66,Indonesia
Rodrigo Avarne,ravarne9p@51.la,585-966-1325,8/27/1984,$39630.51,United States
Der Farlham,dfarlham9q@vinaora.com,407-686-2194,10/12/1956,$77276.11,Greece
Sheilah Lincey,slincey9r@barnesandnoble.com,308-106-6019,11/17/1968,$25638.48,Philippines
Wilmer Quan,wquan9s@alibaba.com,212-476-5908,10/1/1992,$17773.17,United States
Hildy Heads,hheads9t@dion.ne.jp,177-847-1334,4/11/2017,$74110.27,Brazil
Stirling Raymen,sraymen9u@trellian.com,940-692-0248,12/8/2018,$46202.38,China
Cate Sowerbutts,csowerbutts9v@spotify.com,486-651-7624,8/3/1980,$21960.83,Guatemala
Bryan Bril,bbril9w@cnet.com,836-104-3894,12/30/1990,$57375.30,Russia
Reilly Blaza,rblaza9x@angelfire.com,695-268-3689,1/5/1953,$91356.03,China
Tana Hallam,thallam9y@blogtalkradio.com,988-555-4347,3/14/1940,$93988.80,Indonesia
Nefen Gimblett,ngimblett9z@fastcompany.com,879-991-3471,9/28/2022,$11320.93,Portugal
Patrica Beckson,pbecksona0@cam.ac.uk,191-649-7209,7/14/1940,$36952.45,Indonesia
Vite Wasielewicz,vwasielewicza1@ibm.com,316-231-5641,2/19/1927,$63480.23,Croatia
Lory Becraft,lbecrafta2@umich.edu,908-200-9617,10/23/1944,$70512.58,Iran
Chico Fellows,cfellowsa3@icio.us,509-267-2637,9/27/1988,$44851.08,Ukraine
Thornton Viel,tviela4@microsoft.com,624-774-5345,5/24/1929,$19583.71,Malaysia
Clarey McCooke,cmccookea5@trellian.com,905-443-2585,5/13/1982,$26784.75,Portugal
Barbee Chugg,bchugga6@europa.eu,180-590-8695,1/29/1991,$81587.44,China
Elfie Causley,ecausleya7@sun.com,418-846-8744,9/18/1915,$45852.38,Philippines
Annabella Brettell,abrettella8@technorati.com,620-183-8916,3/10/1978,$1332.85,Mauritius
Annecorinne Dyer,adyera9@flickr.com,821-692-3151,1/14/1925,$45381.35,France
Abbe Kinsey,akinseyaa@cornell.edu,396-807-6853,12/26/1974,$61350.57,Micronesia
Merrie Ashling,mashlingab@histats.com,564-385-6873,7/25/1907,$62022.34,Tajikistan
Ema McQuirter,emcquirterac@nifty.com,741-847-8435,1/1/2014,$63259.87,Greece
Breena Dinnage,bdinnagead@bbc.co.uk,384-935-1015,11/12/1924,$84346.30,Afghanistan
Hastings MacNab,hmacnabae@ow.ly,564-709-3127,10/21/1977,$95859.97,Philippines
Allis Ditch,aditchaf@japanpost.jp,191-416-9516,3/4/2009,$59178.96,Macedonia
Whitman MacKey,wmackeyag@businessweek.com,234-584-0053,3/11/1974,$3137.80,Brazil
Towny Kenington,tkeningtonah@photobucket.com,849-453-5887,3/22/2020,$67392.55,Guinea
Del Rassmann,drassmannai@wired.com,333-358-0328,12/28/1900,$31041.23,Panama
Granger Schorah,gschorahaj@walmart.com,777-159-2190,7/12/1930,$67502.18,Argentina
Sid Chiplin,schiplinak@prweb.com,594-208-6436,3/28/1927,$74072.31,Indonesia
Wynny Stuehmeier,wstuehmeieral@craigslist.org,491-392-5012,3/1/1968,$51338.50,Iran
Natalee Longhi,nlonghiam@amazon.de,684-313-7316,4/3/2017,$34584.21,China
Evelyn Sizeland,esizelandan@hexun.com,413-506-8538,9/25/2018,$4474.81,Russia
Allie Joe,ajoeao@scribd.com,812-778-1354,1/21/1943,$77936.77,Samoa
Mano McDougal,mmcdougalap@mediafire.com,442-482-9156,11/9/1967,$79420.95,Sri Lanka
Rayner Redmore,rredmoreaq@tumblr.com,699-540-2574,9/5/1914,$43494.05,China
Emilia Essberger,eessbergerar@ted.com,654-314-7316,11/2/1971,$67559.54,Japan
Albertine Snaith,asnaithas@qq.com,187-599-9225,7/5/1955,$55700.81,South Africa
Thorndike Marron,tmarronat@zdnet.com,601-604-4924,5/22/1903,$6221.60,Japan
Spense Weld,sweldau@thetimes.co.uk,347-531-9821,12/11/1934,$11952.81,Canada
Yvon Taffley,ytaffleyav@deviantart.com,422-788-7332,4/11/2019,$47958.03,Japan
Erda Gosland,egoslandaw@boston.com,229-100-8798,12/18/1913,$80040.35,China
Andie Haslegrave,ahaslegraveax@bizjournals.com,865-501-5448,5/29/1943,$48451.61,United States
Vida Beardshall,vbeardshallay@ezinearticles.com,726-946-3492,11/3/1990,$21317.32,Philippines
Emmalynn Fredi,efrediaz@people.com.cn,286-275-2098,1/25/1954,$92269.57,Argentina
Joya Danielian,jdanielianb0@google.ca,324-723-4664,8/24/1968,$73300.63,Democratic Republic of the Congo
Yelena McAndrew,ymcandrewb1@vistaprint.com,464-901-2835,1/24/1905,$53192.05,Philippines
Lilah Gutch,lgutchb2@princeton.edu,848-341-7851,8/21/1953,$45906.58,China
Penelopa Tym,ptymb3@mapy.cz,534-855-8468,6/30/1947,$18019.97,Indonesia
Nolie Rickasse,nrickasseb4@goodreads.com,513-182-7933,6/2/2018,$47247.04,Sweden
Elysha Craw,ecrawb5@nationalgeographic.com,334-280-1937,12/17/1978,$45412.72,Namibia
Saudra Baldock,sbaldockb6@ustream.tv,107-438-2719,8/9/1966,$46866.15,China
Damiano McNea,dmcneab7@360.cn,464-335-7032,6/28/1923,$92852.93,Zambia
Roslyn McCarlich,rmccarlichb8@answers.com,458-160-8698,9/10/1959,$51380.11,Japan
Trever Espinho,tespinhob9@gravatar.com,664-720-2271,2/26/1905,$23884.31,Poland
Dion Wickwarth,dwickwarthba@nytimes.com,987-704-2450,10/26/1904,$27756.29,Lebanon
Pammie Bulter,pbulterbb@usa.gov,316-148-1089,10/23/1909,$17117.67,China
Neale Witter,nwitterbc@netlog.com,478-939-3144,2/4/1963,$11685.65,Mexico
Matias Stoven,mstovenbd@uiuc.edu,387-439-0617,3/23/1902,$87032.87,Colombia
Vivia Beacock,vbeacockbe@flickr.com,916-915-8295,3/21/1985,$60851.87,United States
Kennan de Mullett,kdebf@cargocollective.com,855-368-4810,11/25/1927,$55063.53,Mali
Anderea Clemens,aclemensbg@slate.com,184-611-3025,12/30/1966,$5264.70,Russia
Jacquetta Moyser,jmoyserbh@bluehost.com,460-906-5887,7/29/1952,$70557.44,El Salvador
Nickie Rehme,nrehmebi@squarespace.com,777-155-4498,8/26/2017,$20357.44,Brunei
Clemente Baines,cbainesbj@live.com,198-505-6959,2/8/1916,$93267.70,France
Kori Hatz,khatzbk@nps.gov,111-288-0724,4/11/1959,$69316.47,Finland
Robbie Gribben,rgribbenbl@archive.org,220-819-2392,6/30/1922,$27064.55,China
Roxanna Westmerland,rwestmerlandbm@cafepress.com,980-528-0540,10/14/2015,$20540.45,China
Jorrie Penwright,jpenwrightbn@cargocollective.com,618-270-3319,4/17/1932,$78748.98,Poland
Kristan Dackombe,kdackombebo@last.fm,401-956-4672,9/19/1969,$166.51,Luxembourg
Gabriella Dayton,gdaytonbp@usatoday.com,233-358-4964,9/12/1929,$2574.53,China
Shanan Giraldon,sgiraldonbq@blinklist.com,844-287-4446,10/5/2010,$8245.48,Nicaragua
Aliza Nosworthy,anosworthybr@ezinearticles.com,446-226-2210,3/25/1939,$72357.51,Czech Republic
Chantal Checcuzzi,ccheccuzzibs@cmu.edu,935-656-9919,2/27/1937,$95910.27,Bulgaria
Prudi MacKissack,pmackissackbt@domainmarket.com,797-695-5510,2/13/1984,$46058.79,Nigeria
Faustine Larmuth,flarmuthbu@walmart.com,700-574-9678,11/25/1946,$9139.34,Trinidad and Tobago
Sergent Mayhow,smayhowbv@comsenz.com,439-892-2815,6/1/1943,$10540.48,Syria
Marianne Coleson,mcolesonbw@indiatimes.com,267-942-7725,6/7/2013,$77859.04,Tunisia
Dusty Wishkar,dwishkarbx@creativecommons.org,437-481-9136,5/8/2014,$41967.97,China
Broderick Mattussevich,bmattussevichby@storify.com,948-550-3916,5/4/1974,$86660.17,Indonesia
Gilly Marzellano,gmarzellanobz@google.it,142-530-6206,5/7/2000,$34167.05,Poland
Kurtis Chicchelli,kchicchellic0@ask.com,697-865-8711,8/30/1961,$88185.97,Russia
Sander Moberley,smoberleyc1@ifeng.com,697-793-5829,11/24/1968,$13702.08,Ireland
Forrest Colton,fcoltonc2@plala.or.jp,727-807-3091,9/23/1966,$8845.03,China
Marni Elfleet,melfleetc3@miitbeian.gov.cn,190-765-0247,2/10/2003,$39324.30,China
Sayre Trahmel,strahmelc4@hc360.com,787-624-9085,8/5/1988,$82384.89,Indonesia
Maurene Adriaan,madriaanc5@forbes.com,833-181-7530,3/1/1975,$94387.00,Paraguay
Gilberto Hake,ghakec6@cyberchimps.com,794-414-2873,12/27/1902,$63075.40,Kenya
Row Trethewey,rtretheweyc7@xinhuanet.com,523-381-0291,1/4/2008,$50635.36,Portugal
Rici Devorill,rdevorillc8@usda.gov,896-194-0350,4/17/1936,$98969.02,Pakistan
Colet Beach,cbeachc9@artisteer.com,579-611-0375,7/31/1942,$13384.32,Russia
Akim Pothergill,apothergillca@mozilla.com,341-202-1887,12/10/1987,$18167.57,Sweden
Aubine Reyburn,areyburncb@whitehouse.gov,153-691-4029,9/21/1926,$92377.61,Mozambique
Ramsey Gatecliff,rgatecliffcc@dmoz.org,995-268-5395,8/11/1927,$65351.33,Serbia
Abbey Leidl,aleidlcd@e-recht24.de,484-142-7354,10/10/1900,$24121.68,Netherlands
Sophie Kinnar,skinnarce@auda.org.au,158-361-4292,1/19/2019,$37801.87,China
Itch Elverston,ielverstoncf@fema.gov,544-226-8017,9/24/1926,$84688.51,Argentina
Jaime Denisot,jdenisotcg@google.com.hk,525-128-3676,8/28/2013,$61771.07,Czech Republic
Harriett Grayston,hgraystonch@e-recht24.de,531-833-9417,5/21/2013,$63173.43,Venezuela
Massimo Sprionghall,msprionghallci@netscape.com,381-727-5459,6/5/2001,$36768.28,Ivory Coast
Meridel Raubheim,mraubheimcj@hao123.com,250-962-1341,10/5/1927,$94308.11,Portugal
Korella Sarah,ksarahck@unicef.org,335-411-5335,7/7/1941,$5736.45,Indonesia
Winnie Blowne,wblownecl@angelfire.com,841-437-8483,2/28/1921,$422.30,Portugal
Nerti Ibert,nibertcm@technorati.com,367-877-3853,9/8/1968,$8959.36,Portugal
Neall Carress,ncarresscn@spotify.com,918-841-7818,10/19/1972,$83171.74,Philippines
Lorry Kohnemann,lkohnemannco@comsenz.com,930-299-8287,11/11/1953,$11416.35,Philippines
Janith Ozanne,jozannecp@stanford.edu,114-975-4883,9/17/1957,$26140.91,Indonesia
Arline Hoffman,ahoffmancq@pcworld.com,399-424-6325,4/20/2017,$75120.36,Greece
Ashely Brookhouse,abrookhousecr@opera.com,414-645-4926,11/27/1938,$70015.04,United Kingdom
Dulcinea McGuggy,dmcguggycs@cbc.ca,510-115-0561,6/25/1987,$83521.17,Uruguay
Rhianon Blaisdell,rblaisdellct@de.vu,161-381-1302,11/9/2010,$23529.78,Nepal
Isador McCullen,imccullencu@wikispaces.com,949-953-8332,12/16/1950,$88256.55,China
Issiah Matthiesen,imatthiesencv@nasa.gov,385-278-9467,2/28/2022,$92658.34,Poland
Seline Shiels,sshielscw@dion.ne.jp,788-353-1339,6/4/1910,$61923.74,France
Jone Haukey,jhaukeycx@ameblo.jp,192-551-5660,11/19/2005,$31258.72,Philippines
Kenyon Backshill,kbackshillcy@chron.com,878-852-9326,3/16/1907,$52802.44,Russia
Crystie Fairest,cfairestcz@theguardian.com,428-349-8230,5/4/1969,$79615.85,China
Leeanne Pridden,lpriddend0@deviantart.com,273-117-7444,11/3/2017,$39741.61,Indonesia
Raquela Mungan,rmungand1@dailymotion.com,634-128-3400,3/24/2013,$60468.28,Bangladesh
Rowena Towlson,rtowlsond2@tuttocitta.it,497-991-6538,7/26/2023,$62924.79,Morocco
Laurette Sweatland,lsweatlandd3@privacy.gov.au,907-577-2912,8/21/1918,$37198.96,China
Elia Oolahan,eoolahand4@webeden.co.uk,912-871-1790,12/28/1939,$93316.60,Indonesia
Dene Agett,dagettd5@statcounter.com,562-203-9664,3/13/1985,$22379.20,China
Nichol Dobinson,ndobinsond6@taobao.com,624-123-3651,10/8/1998,$98947.83,Philippines
Cole Angerstein,cangersteind7@spotify.com,351-974-9583,9/1/1985,$33849.50,Brazil
Elyssa Farres,efarresd8@themeforest.net,956-963-1856,3/29/1927,$61068.92,Philippines
Hort Nares,hnaresd9@redcross.org,389-342-9191,6/7/1915,$23630.47,Brazil
Cart Riceards,criceardsda@slashdot.org,661-102-5900,11/22/1935,$55070.36,Indonesia
Haywood Pashler,hpashlerdb@wikispaces.com,330-455-2873,11/30/1906,$44615.96,China
Shawnee Brims,sbrimsdc@ezinearticles.com,399-296-5092,8/12/1945,$53190.32,Greece
Sibeal Alvy,salvydd@meetup.com,675-941-0896,8/4/1950,$94560.93,Uganda
Berke Fipp,bfippde@guardian.co.uk,135-445-4930,1/6/1975,$47407.90,Czech Republic
Gianna Carolan,gcarolandf@qq.com,717-577-8756,6/7/2004,$84565.81,China
Bel Betun,bbetundg@reverbnation.com,420-799-1009,12/26/1959,$23414.43,Russia
Aguistin Phittiplace,aphittiplacedh@statcounter.com,596-296-0397,5/4/1986,$68259.00,China
Ettie Gehrels,egehrelsdi@feedburner.com,387-620-7253,3/30/1938,$52897.12,Japan
Rubia Gehrels,rgehrelsdj@live.com,837-133-3622,12/7/1957,$3663.05,Luxembourg
Carolann Buxam,cbuxamdk@illinois.edu,238-329-0555,12/1/1946,$93414.74,Uruguay
Erroll Gostling,egostlingdl@webeden.co.uk,988-293-0425,1/12/2016,$48154.10,Colombia
Wilbert Kilmister,wkilmisterdm@ocn.ne.jp,827-102-5335,6/9/1981,$96605.04,China
Chalmers Kineton,ckinetondn@shinystat.com,364-839-2649,10/31/1972,$16548.79,North Korea
Hillary Tassaker,htassakerdo@mysql.com,524-502-3344,12/31/1925,$88330.80,Mexico
Olwen Tills,otillsdp@behance.net,201-618-1313,5/4/1999,$69996.97,Russia
Bendix Werndley,bwerndleydq@shareasale.com,641-898-8459,6/17/1983,$81898.19,Portugal
Shelly Volkes,svolkesdr@utexas.edu,182-483-0854,5/20/2015,$58772.55,Indonesia
Jacqueline Varndell,jvarndellds@chicagotribune.com,115-461-9439,12/28/1940,$10334.28,China
Ryan Ollett,rollettdt@theglobeandmail.com,113-741-9188,9/6/1947,$37981.85,South Africa
Fionna Rief,friefdu@earthlink.net,985-352-4975,3/12/2017,$33864.61,Canada
Amil Lubeck,alubeckdv@ezinearticles.com,886-561-8988,3/19/2002,$97459.35,Colombia
Irina Pellingar,ipellingardw@jiathis.com,824-953-7887,7/20/1975,$22615.33,Brazil
Bucky Tschierse,btschiersedx@myspace.com,234-904-6245,9/23/1906,$6635.69,Indonesia
Giffard Bundock,gbundockdy@ask.com,509-747-9921,9/10/1957,$55705.21,Indonesia
Arlen Gotcliffe,agotcliffedz@businessinsider.com,923-363-1867,9/12/1977,$69356.00,Russia
Natasha Beecroft,nbeecrofte0@yellowbook.com,352-580-4676,7/9/1973,$11744.46,Indonesia
Diego Kearney,dkearneye1@xinhuanet.com,263-448-7666,2/8/1914,$43702.86,Philippines
Duff Faulo,dfauloe2@tuttocitta.it,128-265-8703,10/12/2019,$34673.42,Russia
Ring Ayres,rayrese3@netlog.com,881-293-2703,4/27/1935,$93475.72,Tunisia
Gratia Dane,gdanee4@friendfeed.com,590-887-5846,8/23/1906,$88014.52,China
Estele Batt,ebatte5@last.fm,595-156-7972,3/20/1903,$7516.10,Peru
Priscilla Marriott,pmarriotte6@upenn.edu,766-936-4753,3/20/1953,$96743.18,France
Rickey Harget,rhargete7@cdbaby.com,694-632-9482,11/3/1963,$76494.13,North Korea
Percy Reignard,preignarde8@youku.com,889-354-3307,11/2/1967,$85973.02,Vietnam
Justine Sweetman,jsweetmane9@mtv.com,773-302-4406,9/12/1969,$38311.81,Guatemala
Athene Trahair,atrahairea@skyrock.com,495-642-3168,6/28/1972,$21111.26,China
Antone Roger,arogereb@flickr.com,861-698-6273,11/21/1914,$39637.95,Poland
Kaiser Retchless,kretchlessec@newyorker.com,457-414-8123,10/2/1927,$38564.76,Guinea
Jessy MacConnel,jmacconneled@ameblo.jp,989-639-8409,8/11/1955,$64682.19,Russia
Kaspar Baterip,kbateripee@clickbank.net,934-805-2886,11/12/1942,$25165.39,Portugal
Olivette Murtagh,omurtaghef@indiegogo.com,522-765-6325,4/26/2014,$41187.52,Indonesia
Marylin Kann,mkanneg@unicef.org,407-807-1768,9/28/1970,$70154.77,United States
Dov McEniry,dmceniryeh@sogou.com,953-178-5874,8/11/1946,$31042.70,Colombia
Emelita Earwaker,eearwakerei@si.edu,212-486-6516,12/9/1949,$83891.71,Spain
Pattin Powles,ppowlesej@theguardian.com,326-834-9760,11/8/1998,$71571.24,Mongolia
Syman McReynolds,smcreynoldsek@360.cn,609-436-9596,10/1/1987,$82499.64,Colombia
Winn Casaroli,wcasaroliel@seattletimes.com,628-627-6921,8/30/1954,$31533.84,China
Baird Andrei,bandreiem@studiopress.com,997-966-8033,1/4/1916,$75085.37,Russia
Maud Kinsella,mkinsellaen@bravesites.com,842-215-4347,1/23/2020,$9240.93,Indonesia
Reinhard Capenor,rcapenoreo@cnn.com,689-424-5405,8/28/2021,$32137.76,Russia
Kesley Leaf,kleafep@zimbio.com,946-944-4884,12/21/1948,$99614.25,China
Ranique Abrahart,rabraharteq@is.gd,186-562-0070,10/29/1988,$3634.77,Philippines
Brigham Jerrams,bjerramser@tinyurl.com,411-717-1491,2/14/1906,$64979.53,China
Catha Humbert,chumbertes@ebay.com,857-971-0931,2/13/1923,$91227.21,Sweden
Alexandrina Alan,aalanet@yellowbook.com,585-233-3083,1/28/2013,$65331.80,Thailand
Amelia Garnsworth,agarnswortheu@wikia.com,297-834-7504,8/11/2017,$26574.64,Honduras
Reeta Rumke,rrumkeev@yellowbook.com,585-719-5972,4/8/1959,$43976.57,Republic of the Congo
Dagmar Carus,dcarusew@com.com,275-221-8565,10/22/1913,$25225.01,Ukraine
Thurstan Jenton,tjentonex@geocities.com,575-354-4296,9/25/1987,$23104.05,Hungary
Sarene Nettle,snettleey@nyu.edu,906-382-2389,9/28/1921,$91856.49,France
Ulrike Rishman,urishmanez@surveymonkey.com,877-177-4521,8/29/1934,$18028.65,Niue
Elbert Nunns,enunnsf0@uiuc.edu,285-516-5450,3/19/1947,$15517.11,China
Mareah Mulligan,mmulliganf1@bloomberg.com,563-384-6188,11/2/1957,$94517.62,Uganda
Grazia Ruddin,gruddinf2@wisc.edu,990-503-0943,7/10/1969,$25124.54,China
Ainsley Whitchurch,awhitchurchf3@illinois.edu,794-765-7942,1/23/1926,$22340.05,Brazil
Ken Tebbit,ktebbitf4@oracle.com,931-422-8872,11/26/1921,$76511.11,Indonesia
Lisbeth Chanter,lchanterf5@baidu.com,795-227-1697,11/29/1995,$20217.54,China
Hulda MacGorley,hmacgorleyf6@cbc.ca,688-751-8616,7/23/1962,$85064.63,China
Salaidh Shreve,sshrevef7@slate.com,443-937-7782,10/17/1991,$64175.83,Brazil
Britni Riley,brileyf8@census.gov,823-789-1528,6/3/2015,$10197.62,Philippines
Josh Coling,jcolingf9@youtube.com,492-538-1585,6/21/1980,$63759.46,Philippines
Barrett Durrell,bdurrellfa@pagesperso-orange.fr,283-823-2733,3/5/1958,$37308.48,Russia
Husein Deluca,hdelucafb@dmoz.org,231-447-9883,6/15/1919,$61191.67,Dominican Republic
Harlene Halhead,hhalheadfc@infoseek.co.jp,493-671-3036,2/18/1945,$69240.20,China
Inesita Rameaux,irameauxfd@cam.ac.uk,228-168-3183,1/15/1985,$77563.58,China
Gigi Carous,gcarousfe@hugedomains.com,454-637-5465,2/16/1916,$1306.78,Ukraine
Ivan Hayman,ihaymanff@wunderground.com,444-179-5570,2/14/1964,$98670.08,China
Lauryn Trustrie,ltrustriefg@gravatar.com,651-655-8003,10/30/1934,$5810.77,Vietnam
Kylynn Frankcomb,kfrankcombfh@nationalgeographic.com,593-618-2708,2/8/1981,$86399.00,Ukraine
Spence MacCoughen,smaccoughenfi@gov.uk,602-837-6218,2/19/1904,$52178.94,Portugal
Ilka Bothram,ibothramfj@wikia.com,900-295-1820,7/18/1923,$48624.97,Russia
Gray Pitfield,gpitfieldfk@artisteer.com,530-995-8430,1/10/2017,$34489.04,France
Tam Abrahamian,tabrahamianfl@europa.eu,414-784-9532,10/7/1993,$265.29,China
Dean Rouby,droubyfm@godaddy.com,930-699-3543,9/8/1915,$86014.45,Italy
Linette Barkworth,lbarkworthfn@wp.com,171-759-3006,11/1/1906,$35401.39,Indonesia
Nap Couve,ncouvefo@icq.com,433-746-6425,4/29/1990,$58406.86,Equatorial Guinea
Iago Renard,irenardfp@apache.org,709-146-5484,9/21/1917,$76637.59,Czech Republic
Fay Crotty,fcrottyfq@alibaba.com,790-696-9440,6/18/1911,$33513.08,China
Torey Padefield,tpadefieldfr@ehow.com,434-989-6661,10/14/1929,$59225.86,Sweden
Pollyanna Revance,prevancefs@nba.com,582-667-3032,8/22/1902,$66769.97,Greece
Tito Critoph,tcritophft@earthlink.net,235-370-6534,12/17/1959,$22580.88,Syria
Emelina Malkie,emalkiefu@gizmodo.com,157-689-9884,12/1/1905,$88193.68,Afghanistan
Pieter Blackburn,pblackburnfv@unc.edu,686-524-9307,3/12/1988,$97624.14,Indonesia
Ray Searson,rsearsonfw@usda.gov,363-213-1025,7/6/1971,$14114.31,Philippines
Casie Caroll,ccarollfx@google.ca,687-330-1561,7/7/1972,$12341.31,Greece
Teddie Southernwood,tsouthernwoodfy@spiegel.de,695-128-2171,9/24/2000,$11942.62,Brazil
Ritchie Gland,rglandfz@bing.com,425-728-3483,8/31/1927,$48512.74,Portugal
Joyous Carrivick,jcarrivickg0@xinhuanet.com,131-603-8288,6/10/2013,$15095.65,Ukraine
Vivyanne Minshaw,vminshawg1@nifty.com,492-865-8619,11/28/1990,$20739.25,Ecuador
Candra Godleman,cgodlemang2@blogspot.com,650-954-8671,9/3/1946,$89837.30,Sweden
Glenn Cammock,gcammockg3@usnews.com,533-293-0158,4/13/1963,$60685.85,China
Rand Yesenev,ryesenevg4@yelp.com,779-774-2914,3/11/1987,$16847.36,Russia
Rosabella Dearing,rdearingg5@free.fr,318-947-3929,11/10/1986,$22902.97,Indonesia
Rozanne Kirkbride,rkirkbrideg6@home.pl,822-740-6211,10/13/1935,$97681.03,China
Johnette Hallum,jhallumg7@theatlantic.com,999-720-1398,2/20/2015,$2267.38,China
Trumann Seagood,tseagoodg8@cornell.edu,639-563-9850,1/5/1999,$96090.77,Uganda
Gilberte Norsworthy,gnorsworthyg9@wordpress.org,819-236-8103,7/9/1947,$21138.41,Belarus
Carly Gallaccio,cgallaccioga@cyberchimps.com,371-854-0907,3/7/1913,$64779.91,China
Erik Lethbridge,elethbridgegb@timesonline.co.uk,982-311-3999,2/6/1907,$54943.74,Mexico
Jeni Capsey,jcapseygc@joomla.org,803-466-4410,12/27/1983,$43577.88,Peru
Koralle Baptist,kbaptistgd@eventbrite.com,809-407-0207,12/18/1972,$83875.37,Poland
Esta Arnull,earnullge@lycos.com,323-423-3837,6/2/2015,$51965.03,United States
Tiphany Larmet,tlarmetgf@shutterfly.com,473-483-0473,6/28/1996,$72525.60,China
Nicolais Isoldi,nisoldigg@mozilla.com,265-238-1730,10/22/1955,$37228.29,China
Robinett Code,rcodegh@usnews.com,419-501-6466,2/15/1909,$69012.66,China
Aharon Baston,abastongi@slashdot.org,733-429-5947,10/30/2004,$809.23,Malaysia
Gunner Pic,gpicgj@hhs.gov,176-149-2603,10/2/2000,$75370.98,Argentina
Corrianne Earlam,cearlamgk@senate.gov,341-464-7060,7/27/1980,$1791.07,Sweden
Janaye Gomme,jgommegl@drupal.org,927-461-8774,7/22/1942,$2733.66,Brazil
Tabby Ganderton,tgandertongm@icq.com,589-467-6025,11/7/1919,$95400.51,China
Nat Hopkynson,nhopkynsongn@digg.com,137-836-9919,5/25/1950,$89631.42,Dominican Republic
Sherrie Traylen,straylengo@adobe.com,350-352-7484,2/23/2020,$83796.42,Poland
Christie Manifould,cmanifouldgp@zdnet.com,257-634-6932,7/17/2007,$21945.67,Armenia
Kordula Rathjen,krathjengq@about.com,543-825-4054,9/14/1931,$29161.35,Nigeria
Sabina Eslinger,seslingergr@biblegateway.com,216-764-2341,8/7/1948,$7796.40,Ukraine
Diannne Epilet,depiletgs@whitehouse.gov,450-196-4101,10/29/1906,$3029.72,China
Elsbeth Saunper,esaunpergt@irs.gov,849-264-5705,6/22/1992,$37269.52,Yemen
Nicolle Tosspell,ntosspellgu@jalbum.net,677-648-8447,8/13/1956,$2843.53,France
Herman Summerrell,hsummerrellgv@comsenz.com,265-675-1281,3/18/1953,$48750.12,Sweden
Bordie Husby,bhusbygw@cnn.com,334-886-4320,2/10/1997,$89440.85,Kosovo
Addy Quinn,aquinngx@netvibes.com,483-915-9179,6/13/1954,$1960.71,Nigeria
Adolpho Kohnen,akohnengy@list-manage.com,945-822-7408,6/26/1915,$83044.36,China
Abbie Meaking,ameakinggz@fc2.com,193-934-3890,12/10/1932,$11239.58,China
Ray Shoveller,rshovellerh0@jalbum.net,521-583-0689,3/14/1906,$19696.06,El Salvador
Dasi Kretschmer,dkretschmerh1@booking.com,568-126-7490,5/28/1947,$32030.70,China
Teddy Steels,tsteelsh2@shinystat.com,207-469-8601,5/3/1991,$32916.75,Portugal
Anabella Everiss,aeverissh3@a8.net,447-328-3788,11/24/1983,$23111.80,Russia
Sigismondo Horche,shorcheh4@alibaba.com,289-624-4179,12/10/1915,$67121.88,Philippines
Lydia Cossar,lcossarh5@ustream.tv,280-686-8348,5/31/1944,$1716.73,Poland
Bobby Castellone,bcastelloneh6@jigsy.com,494-831-0612,7/7/2004,$49168.83,China
Ashton Chisman,achismanh7@army.mil,487-540-2114,5/18/1946,$2071.70,Nigeria
Inge Gabey,igabeyh8@google.es,759-246-5011,4/11/1989,$95668.52,Canada
Adora Dreossi,adreossih9@xrea.com,243-966-1692,11/13/1924,$68775.02,Indonesia
Cristine Dovydenas,cdovydenasha@symantec.com,785-179-1229,10/2/1914,$23177.61,Russia
Malva Prestney,mprestneyhb@senate.gov,639-274-3397,2/18/1932,$55148.77,Sweden
Normie Worshall,nworshallhc@cam.ac.uk,574-298-7346,2/26/2023,$70782.44,China
Llywellyn Studart,lstudarthd@sina.com.cn,301-971-5095,4/28/2006,$44550.28,Japan
Brose Harpin,bharpinhe@skype.com,348-624-2213,8/7/1947,$58894.13,Portugal
Nehemiah Grimsdyke,ngrimsdykehf@cbsnews.com,958-990-8579,2/4/1963,$14131.60,Brazil
Nissie Daftor,ndaftorhg@deviantart.com,940-597-6680,8/29/1942,$523.22,United States
Anna Napleton,anapletonhh@hatena.ne.jp,896-165-1306,10/31/2004,$79886.98,Colombia
Gareth O'Teague,goteaguehi@tripadvisor.com,766-924-4697,5/12/2003,$41309.82,Malaysia
Aubrey Brozsset,abrozssethj@friendfeed.com,719-988-2020,9/19/1985,$79349.26,Ukraine
Dianemarie McGarahan,dmcgarahanhk@pcworld.com,786-531-3187,4/5/1949,$21984.79,Croatia
Francoise Matej,fmatejhl@adobe.com,779-581-9004,12/14/1938,$96735.89,Kyrgyzstan
Rodrigo Penhallurick,rpenhallurickhm@wp.com,737-868-8873,7/29/1916,$46460.57,Argentina
Nettle Warren,nwarrenhn@theatlantic.com,295-272-1861,9/20/1955,$76725.89,China
Keefer Gilhoolie,kgilhoolieho@ftc.gov,908-364-1980,12/26/2021,$45075.03,Russia
Roxanna Tremblet,rtremblethp@google.pl,844-455-9253,12/19/1930,$88975.07,Philippines
Chiarra Colombier,ccolombierhq@jigsy.com,763-317-0076,7/19/1930,$33201.32,Nigeria
Nanete Ferries,nferrieshr@google.nl,904-716-4161,11/23/1902,$23592.19,Ukraine
Lani Fretwell,lfretwellhs@technorati.com,460-353-4507,3/2/1945,$73775.54,Venezuela
Salomon McKimm,smckimmht@wufoo.com,596-257-3434,5/12/1948,$17553.63,Philippines
Sharron Hamlin,shamlinhu@qq.com,287-641-8172,8/28/1916,$16829.74,China
Stevana Dumbrell,sdumbrellhv@ebay.com,783-538-3914,10/23/1959,$65990.81,Tajikistan
Theadora Tewkesbury,ttewkesburyhw@google.fr,592-113-1580,2/23/1948,$70175.86,Sweden
Gawain Straughan,gstraughanhx@whitehouse.gov,207-705-6169,7/28/1911,$3825.64,Indonesia
Kirbie O'Carroll,kocarrollhy@rediff.com,595-212-6765,12/17/1922,$13224.33,Pakistan
Joyce Flavelle,jflavellehz@altervista.org,745-155-2625,12/19/1994,$85527.14,Philippines
Gracie McGaughey,gmcgaugheyi0@jigsy.com,684-244-4749,2/16/2001,$74832.63,Russia
Zitella Adderley,zadderleyi1@apple.com,395-331-1424,7/14/1944,$64631.27,Cook Islands
Gaelan Bentsen,gbentseni2@wordpress.com,646-716-8202,12/29/1958,$23430.92,Thailand
Barbra Lomis,blomisi3@sakura.ne.jp,445-875-9507,3/18/1965,$88108.95,China
Hedda Timmis,htimmisi4@cornell.edu,751-443-1217,5/6/2008,$20881.65,Sweden
Berte Calow,bcalowi5@un.org,124-206-3669,8/7/1982,$88239.17,China
Akim Macveigh,amacveighi6@house.gov,768-784-5593,7/2/2005,$10094.68,China
Stinky Murthwaite,smurthwaitei7@bluehost.com,256-388-9837,9/19/1994,$80682.51,Portugal
Alla Asquez,aasquezi8@telegraph.co.uk,981-855-2418,10/3/2004,$40707.39,China
Susy Gealy,sgealyi9@livejournal.com,412-183-3157,9/11/2017,$81315.92,Indonesia
Gerta Romer,gromeria@1688.com,415-555-3987,3/2/1977,$72832.00,Indonesia
Guido Saile,gsaileib@usgs.gov,497-283-0717,1/1/2022,$23775.58,Colombia
Hoyt Soule,hsouleic@ucoz.ru,479-265-7422,6/30/1951,$57878.90,Poland
Malchy Westman,mwestmanid@hexun.com,535-664-9645,12/10/1986,$89281.35,Kazakhstan
Rodger Collop,rcollopie@newsvine.com,886-606-1545,4/15/1934,$57922.62,Syria
Ibrahim Nickell,inickellif@example.com,587-965-4981,9/11/1968,$82655.99,Russia
Tommy Richardt,trichardtig@reference.com,565-795-9852,10/25/1908,$76010.35,Costa Rica
Manolo Odeson,modesonih@a8.net,594-545-9072,11/20/1901,$20961.13,Portugal
Rene Setterfield,rsetterfieldii@princeton.edu,831-932-4428,2/23/1902,$63467.74,China
Henrik Tate,htateij@e-recht24.de,728-628-0081,11/19/1935,$35518.61,Indonesia
Lorette Redmain,lredmainik@yahoo.com,806-791-5726,9/4/2018,$83047.64,Micronesia
Karrie Chitham,kchithamil@rediff.com,217-726-8879,11/29/2017,$49647.45,Laos
Lulu Chang,lchangim@eventbrite.com,782-765-0972,5/15/1938,$40378.80,China
Elysha Berk,eberkin@liveinternet.ru,762-857-7303,3/25/1954,$72479.42,Democratic Republic of the Congo
Linnell Stockau,lstockauio@nytimes.com,516-697-6744,6/14/2010,$72411.36,Laos
Lynea Tysall,ltysallip@digg.com,702-844-9749,3/7/2007,$32320.45,United States
Ivy Donaghie,idonaghieiq@yellowpages.com,799-710-5556,11/28/2004,$77538.50,Greece
Rickert Dunbobbin,rdunbobbinir@xing.com,383-203-7155,10/29/1998,$65711.35,Russia
Corliss McKeurtan,cmckeurtanis@ehow.com,423-998-1952,10/2/1941,$57953.91,Honduras
Saul Tomczykowski,stomczykowskiit@pcworld.com,674-555-2741,10/18/1917,$25282.62,Philippines
Adaline Poge,apogeiu@baidu.com,315-108-2996,11/26/1985,$20653.43,Panama
Jana Fitzgerald,jfitzgeraldiv@clickbank.net,716-737-7409,4/13/1903,$39985.29,Portugal
Thadeus Dallewater,tdallewateriw@unc.edu,739-810-8992,7/5/2005,$57473.43,France
Car Bockings,cbockingsix@symantec.com,766-862-1217,8/2/1922,$41377.43,Portugal
Keane Kynforth,kkynforthiy@hao123.com,772-477-2973,3/6/1932,$45058.52,China
Beret Abrahamsohn,babrahamsohniz@moonfruit.com,163-859-9242,7/8/1982,$33369.00,Portugal
Damaris Boecke,dboeckej0@canalblog.com,772-239-2317,8/2/1999,$31997.22,China
Lynda Balch,lbalchj1@mediafire.com,804-553-2461,3/5/1917,$9778.36,Egypt
Leese Basler,lbaslerj2@census.gov,874-761-0039,1/28/1997,$62130.50,Senegal
Chantal Buckland,cbucklandj3@sciencedaily.com,805-731-3120,11/29/1947,$93949.31,Tanzania
Danielle Howat,dhowatj4@typepad.com,122-668-1600,2/9/1974,$78125.78,France
Emili Duddan,eduddanj5@fastcompany.com,434-785-9719,7/8/1905,$86783.88,Madagascar
Clayson Livesay,clivesayj6@tripod.com,916-501-7277,6/29/2018,$21485.63,Serbia
Elsy Abreheart,eabreheartj7@forbes.com,887-180-5617,9/1/2002,$94785.95,Poland
Alexandros Fludgate,afludgatej8@ezinearticles.com,131-161-8541,7/18/1907,$48259.73,Russia
Arly Blaycock,ablaycockj9@gizmodo.com,139-260-2056,5/3/1927,$62872.88,China
Zorah D'Souza,zdsouzaja@1688.com,155-835-4881,2/10/1907,$35389.44,Sweden
Em Rechert,erechertjb@addthis.com,188-378-0073,2/18/1939,$31349.51,Brazil
Hal Jagger,hjaggerjc@etsy.com,925-914-3331,5/19/1989,$17797.28,Turkmenistan
Giacinta Whiff,gwhiffjd@ucla.edu,185-748-8647,3/6/1928,$55764.54,Poland
Tallie Shankster,tshanksterje@trellian.com,443-369-9635,4/18/1989,$56437.82,South Africa
Mabelle Ellard,mellardjf@csmonitor.com,246-286-0594,12/26/1914,$96920.90,Nicaragua
Moyra Redparth,mredparthjg@slideshare.net,134-727-5339,4/4/1919,$47157.90,Ukraine
Teddy Lainton,tlaintonjh@home.pl,414-920-6418,9/10/1934,$76247.59,Indonesia
Jaquenette Fabry,jfabryji@symantec.com,361-925-4677,2/21/1929,$57927.41,Ukraine
Kimbell McAsgill,kmcasgilljj@wunderground.com,522-556-2111,4/13/1947,$24563.91,Germany
Daryl Castillo,dcastillojk@newyorker.com,755-337-7674,5/6/1930,$31387.48,Estonia
Molli Englefield,menglefieldjl@ted.com,218-431-0780,11/18/1951,$1178.57,Mexico
Corby Ecclestone,cecclestonejm@msn.com,143-101-7390,2/23/1913,$44409.38,Philippines
Pierre Sikora,psikorajn@fotki.com,142-854-2033,8/27/2021,$97842.25,Brazil
Andrei Gundry,agundryjo@squidoo.com,627-636-1054,8/13/2017,$44473.16,Brazil
Anneliese Ruf,arufjp@eepurl.com,984-502-5817,10/26/1976,$1606.42,Canada
Nicolina Olufsen,nolufsenjq@nature.com,502-875-5815,8/25/1963,$92979.03,Indonesia
Kippy Kubu,kkubujr@unesco.org,262-236-4638,8/3/1904,$72047.95,Croatia
Kylie Hinkins,khinkinsjs@google.ru,482-596-8783,11/1/2023,$582.50,China
Emmet Fenn,efennjt@dmoz.org,959-554-1654,12/24/1919,$39822.45,Japan
Merill Haville,mhavilleju@uol.com.br,878-994-5991,7/9/1936,$19774.08,Philippines
Ema Woffinden,ewoffindenjv@bravesites.com,199-938-5554,7/21/1979,$64365.33,Philippines
Jacqueline Lawty,jlawtyjw@pagesperso-orange.fr,156-605-6540,3/30/2020,$53051.15,China
Janette Addyman,jaddymanjx@nationalgeographic.com,873-685-4061,7/2/1985,$37621.84,Canada
Armin Swinden,aswindenjy@reuters.com,421-325-3254,6/14/1953,$93571.10,Ireland
Page Minshull,pminshulljz@google.com,592-856-6131,3/30/1961,$45544.19,Japan
Torrie Burtwhistle,tburtwhistlek0@google.com.au,402-460-8671,3/22/1953,$95998.79,Afghanistan
Aleda Kybert,akybertk1@angelfire.com,346-478-8176,8/3/1925,$44308.84,Zimbabwe
Marlie Cullum,mcullumk2@whitehouse.gov,771-151-5130,1/31/2007,$75047.14,China
Verena Wallach,vwallachk3@dropbox.com,853-704-4687,10/25/1948,$45182.08,Czech Republic
Jewelle Biermatowicz,jbiermatowiczk4@imageshack.us,198-951-1848,2/2/1911,$72760.53,Poland
Frederico Tadd,ftaddk5@ifeng.com,199-739-5690,5/7/1923,$76312.42,Indonesia
Othella Punchard,opunchardk6@technorati.com,321-212-6203,1/28/1918,$24836.33,Indonesia
Ermin Bignall,ebignallk7@artisteer.com,469-831-4145,10/1/1939,$12153.06,China
Nananne Berzons,nberzonsk8@symantec.com,519-563-4888,11/29/1917,$57901.25,Germany
Neda Hovell,nhovellk9@github.io,918-755-4740,5/14/1972,$39691.06,United States
Jessee Delph,jdelphka@reference.com,111-516-7109,1/6/1955,$67943.97,Czech Republic
Paton Duny,pdunykb@omniture.com,348-115-3470,12/28/1966,$22939.48,China
Barby Leah,bleahkc@mtv.com,220-215-8191,5/8/1915,$18225.56,Brazil
Angelina Mansour,amansourkd@disqus.com,643-956-5113,4/9/1999,$34875.67,Poland
Malcolm Bartlosz,mbartloszke@miitbeian.gov.cn,817-831-6741,10/27/1983,$11349.35,China
Lu Geldert,lgeldertkf@gnu.org,163-344-3958,2/7/2017,$35442.24,Portugal
Consuelo Wilkinson,cwilkinsonkg@newyorker.com,111-266-5904,9/8/1928,$33392.47,South Africa
Keriann Van Rembrandt,kvankh@wsj.com,892-133-8515,1/9/1973,$17081.39,Indonesia
Roxanna Cardillo,rcardilloki@diigo.com,537-835-5372,3/20/1924,$51124.50,Syria
Hamel Sign,hsignkj@usda.gov,361-990-2735,1/21/1959,$92391.51,South Korea
Aldo Craigie,acraigiekk@webs.com,382-150-7881,2/17/1976,$57990.13,Indonesia
Bethanne Kubista,bkubistakl@spotify.com,390-720-0944,1/16/1913,$58880.34,France
Consalve Thunderman,cthundermankm@cornell.edu,335-970-7410,6/11/1993,$87849.95,Peru
Corby Comberbeach,ccomberbeachkn@who.int,350-223-2900,3/12/1929,$63185.72,China
Ella Lafford,elaffordko@usda.gov,643-930-9416,1/1/2014,$42277.92,Peru
Aubry Lambertini,alambertinikp@ucsd.edu,482-103-5793,8/11/2016,$9633.02,Kyrgyzstan
Porty Sheards,psheardskq@wordpress.com,247-214-3849,6/6/2001,$46396.21,Russia
Ed Loughhead,eloughheadkr@unc.edu,421-772-9124,4/7/1979,$66024.98,Ireland
Dwight Sommers,dsommersks@scientificamerican.com,891-708-5680,12/6/1947,$48395.89,Philippines
Rafaela O'Bruen,robruenkt@nyu.edu,475-655-0648,8/21/1939,$5923.04,Ecuador
Rivalee Gyles,rgylesku@friendfeed.com,682-485-6826,10/12/1923,$52724.09,China
Irma Ratter,iratterkv@buzzfeed.com,821-757-0693,8/31/2021,$16650.60,Sweden
Coleman Peyzer,cpeyzerkw@163.com,457-754-2196,3/1/1932,$17088.47,Denmark
Arnie Haysom,ahaysomkx@drupal.org,846-284-7141,11/27/1968,$84056.39,Brazil
Sharai Crayton,scraytonky@bigcartel.com,231-897-1941,3/29/1953,$8488.09,Indonesia
Garrot Rudolfer,grudolferkz@tinypic.com,562-906-8174,5/23/1948,$46008.49,Ireland
Jessie Allchorn,jallchornl0@mayoclinic.com,421-106-2467,5/22/2014,$26065.25,Azerbaijan
Atlante Rimes,arimesl1@ezinearticles.com,993-777-0217,2/13/2007,$49807.23,Ukraine
Kirbee Corroyer,kcorroyerl2@last.fm,472-571-7628,1/7/1979,$27849.49,Indonesia
Bella Urwin,burwinl3@xrea.com,466-515-8229,9/9/1962,$33872.49,New Zealand
Derwin Kaasman,dkaasmanl4@163.com,357-177-6869,5/7/1995,$49236.56,Vietnam
Tonie Attrill,tattrilll5@chicagotribune.com,537-713-4748,7/30/2000,$72052.83,Russia
Kellina Camlin,kcamlinl6@arstechnica.com,678-398-5703,3/28/1965,$98877.81,Portugal
Toinette Gilchrest,tgilchrestl7@amazon.de,732-168-4621,9/2/1961,$89696.26,Finland
Harrison Mottley,hmottleyl8@tinyurl.com,547-449-9573,6/18/1963,$36875.79,Portugal
Helaina Strawbridge,hstrawbridgel9@ebay.com,444-254-5520,3/7/2003,$59585.58,Japan
Celia Sinnett,csinnettla@dailymail.co.uk,192-794-4169,8/8/2002,$84251.83,New Zealand
Everett Tire,etirelb@elpais.com,562-412-2805,8/4/1911,$90073.47,Australia
Kristyn Blind,kblindlc@fda.gov,316-643-9177,3/31/2016,$87879.40,Trinidad and Tobago
Cecily Angliss,canglissld@sourceforge.net,569-809-7137,6/5/2002,$53803.61,Poland
Dov Pretsell,dpretsellle@360.cn,902-442-4604,3/4/2004,$48309.75,Argentina
Drusilla Grangier,dgrangierlf@wordpress.org,558-154-8063,2/27/1998,$25397.19,China
Kelvin Good,kgoodlg@multiply.com,977-344-9558,2/18/1905,$11695.67,Thailand
Gareth Sparshutt,gsparshuttlh@mayoclinic.com,840-276-9256,3/23/1967,$83471.11,China
Selie O'Rodane,sorodaneli@netlog.com,183-172-2292,2/3/1907,$47205.99,Czech Republic
Orbadiah Pairpoint,opairpointlj@prweb.com,598-432-6567,2/9/2008,$80548.78,Norway
Mose Janc,mjanclk@over-blog.com,587-513-4512,8/7/1999,$60122.19,Mongolia
Benyamin Eilers,beilersll@washingtonpost.com,310-134-9278,2/10/1924,$78065.33,Sweden
Thaxter Lavall,tlavalllm@storify.com,412-370-7025,12/26/2011,$11513.73,Uzbekistan
Ferguson Lampitt,flampittln@e-recht24.de,800-267-0184,12/7/1962,$98734.27,China
Dallas Pietruszka,dpietruszkalo@infoseek.co.jp,795-255-0892,1/27/1978,$63731.77,China
Trixie Choudhury,tchoudhurylp@hao123.com,209-241-1834,11/10/1996,$83609.43,France
Windham Palay,wpalaylq@goo.gl,623-304-9789,11/17/1955,$84798.02,Thailand
Cyb Glanz,cglanzlr@loc.gov,654-444-2288,5/19/1919,$21567.30,Malaysia
Antonio Jery,ajeryls@usa.gov,467-336-2662,3/30/1926,$20253.91,China
Marlow Bergeau,mbergeault@seattletimes.com,216-778-8692,6/3/1904,$32642.82,United States
Birgit McAllester,bmcallesterlu@miitbeian.gov.cn,105-675-0072,10/18/1994,$41225.53,Mexico
El Baal,ebaallv@nih.gov,948-603-9223,3/9/1980,$23822.41,Bolivia
Felipa Elmhirst,felmhirstlw@dailymotion.com,820-144-0748,1/15/1950,$84561.98,China
Olia Waiton,owaitonlx@amazon.co.jp,534-804-3913,10/13/1909,$9308.14,Canada
Brewster Boater,bboaterly@noaa.gov,868-676-1124,4/15/1946,$892.63,Luxembourg
Neville Ribbens,nribbenslz@archive.org,274-730-6056,7/16/1926,$45057.29,Portugal
Shayne Arni,sarnim0@sohu.com,857-901-9812,12/3/1912,$54178.51,Kenya
Jordon Precious,jpreciousm1@blogspot.com,552-117-8966,12/9/1964,$39435.31,Serbia
Colan Jori,cjorim2@thetimes.co.uk,866-387-1612,8/13/1955,$88138.35,South Africa
Ursola Nordass,unordassm3@census.gov,434-219-6634,6/25/1999,$23602.41,France
Thedric Dillamore,tdillamorem4@fc2.com,120-859-1914,3/29/1974,$11151.93,Palestinian Territory
Nanete Collihole,ncolliholem5@howstuffworks.com,203-565-5045,3/10/1930,$57394.70,Indonesia
Alon Pollak,apollakm6@51.la,249-151-4398,7/21/2004,$29099.41,Brazil
Rhiamon Bodiam,rbodiamm7@wp.com,554-657-5322,6/8/1908,$69587.65,France
Steve Von Oertzen,svonm8@dot.gov,323-527-9305,8/12/1953,$41706.55,China
Westley Offin,woffinm9@plala.or.jp,148-795-8128,8/22/1974,$49068.00,Tajikistan
Charlton Fortnon,cfortnonma@virginia.edu,197-329-6922,7/1/2005,$53873.03,Russia
Carena Hattoe,chattoemb@jugem.jp,206-490-2522,10/23/1970,$82726.16,United States
Georgeta Collishaw,gcollishawmc@bloomberg.com,714-903-0482,12/2/1933,$86730.51,United States
Eldon Yukhnov,eyukhnovmd@slate.com,435-299-8650,2/10/2014,$60175.49,Indonesia
Rickert Struther,rstrutherme@gmpg.org,806-872-6164,1/27/1965,$45500.42,Serbia
Lorie Heintsch,lheintschmf@cam.ac.uk,480-240-6475,12/29/1957,$83070.42,Colombia
Jenica Farrans,jfarransmg@sitemeter.com,279-742-6072,9/5/1920,$75494.17,Portugal
Alika Parrett,aparrettmh@seattletimes.com,941-497-9662,7/13/2010,$40420.62,Dominican Republic
Warner Ashton,washtonmi@marriott.com,752-440-3972,7/2/1925,$3671.63,Argentina
Alec Gleder,agledermj@nydailynews.com,339-315-0106,5/24/1960,$98331.75,Ukraine
Zebadiah Mowle,zmowlemk@gmpg.org,722-119-9126,1/1/1962,$38649.58,Philippines
Karine Robbert,krobbertml@booking.com,850-502-4055,9/6/1909,$25338.65,Russia
Madelena Ondrich,mondrichmm@yolasite.com,818-504-6015,10/28/1994,$46316.75,Libya
Magdaia Trench,mtrenchmn@indiegogo.com,440-262-9620,3/8/1971,$50010.53,Peru
Rob Gann,rgannmo@quantcast.com,955-181-9405,5/18/1941,$95498.41,Cuba
Talia MacPherson,tmacphersonmp@census.gov,969-599-7011,1/13/1920,$54910.04,Azerbaijan
Matelda Nabarro,mnabarromq@ehow.com,371-189-6304,8/15/1902,$10812.54,Philippines
Giffy Robke,grobkemr@mapquest.com,739-373-8554,12/7/1904,$11982.82,Nigeria
Maribel Fillingham,mfillinghamms@odnoklassniki.ru,953-680-7031,1/4/1972,$81465.20,Russia
Madelena Southon,msouthonmt@shinystat.com,698-598-8128,8/30/1914,$9359.68,France
Siusan Wittering,switteringmu@netscape.com,597-967-8964,5/26/2020,$74955.40,France
Lucian Zumbusch,lzumbuschmv@over-blog.com,946-670-8056,12/11/1998,$47944.38,Poland
Deane Hanway,dhanwaymw@fc2.com,296-457-3713,8/16/2008,$83109.51,France
Bradan Jobey,bjobeymx@hao123.com,586-798-4459,2/21/1980,$49121.44,Indonesia
Fitz Ballentime,fballentimemy@squarespace.com,571-939-0040,4/7/1973,$65635.16,Antigua and Barbuda
Fransisco Challace,fchallacemz@mayoclinic.com,261-498-3799,4/5/1919,$76196.82,France
Alexandra Common,acommonn0@joomla.org,766-728-6947,12/15/2013,$38449.15,Russia
Lauretta Tingly,ltinglyn1@google.pl,205-419-7852,8/17/1958,$94950.97,Thailand
Kayley Tatham,ktathamn2@unicef.org,826-349-4106,2/15/1945,$4947.66,Japan
Sebastiano Meynell,smeynelln3@mit.edu,321-238-1429,11/18/1946,$66287.03,Russia
Cleveland Claricoats,cclaricoatsn4@google.com,565-152-0163,9/12/1979,$6084.61,Chad
Marc Roubeix,mroubeixn5@abc.net.au,309-465-1349,9/10/2023,$1927.99,United States
Jeri Thacke,jthacken6@walmart.com,912-432-2794,6/18/1927,$17386.08,United States
Helene Mansfield,hmansfieldn7@reddit.com,126-404-9011,1/28/1909,$40088.12,France
Teirtza Groll,tgrolln8@wiley.com,906-213-8067,6/9/1994,$23221.75,Ecuador
Reinold Lacer,rlacern9@nyu.edu,480-433-8773,8/10/1955,$3093.14,Poland
Ginevra Frampton,gframptonna@paginegialle.it,984-897-8026,7/3/1999,$64700.54,Thailand
Chadd Poulson,cpoulsonnb@tmall.com,223-203-1393,8/8/1916,$86377.32,Chile
Wilona Noury,wnourync@sogou.com,763-781-0300,5/6/1965,$3485.98,Philippines
Sydney Barnwille,sbarnwillend@meetup.com,659-529-6165,5/4/2007,$45420.59,Ivory Coast
Eustace Ramlot,eramlotne@google.co.jp,585-317-3613,10/13/1992,$89244.50,Russia
Perry Beardwood,pbeardwoodnf@themeforest.net,879-335-7027,9/22/1981,$53499.65,France
Issie Jest,ijestng@163.com,729-412-7171,7/28/1964,$34872.02,China
Sarina Loakes,sloakesnh@cisco.com,683-240-4069,6/5/1936,$83087.77,China
Pris Gullyes,pgullyesni@shop-pro.jp,757-149-2638,11/17/1935,$68995.85,Argentina
Elizabet Luxford,eluxfordnj@naver.com,593-403-2263,9/1/2014,$60698.32,Bolivia
Frazer Secretan,fsecretannk@prweb.com,200-420-1299,3/15/1943,$93978.94,Indonesia
Becka Kiddye,bkiddyenl@goo.gl,725-188-8781,9/19/1907,$93778.42,China
Dory Roz,droznm@barnesandnoble.com,564-509-2743,2/11/1989,$82644.32,China
Ham Patterfield,hpatterfieldnn@imdb.com,782-140-3225,7/13/1972,$217.95,China
Hillard Collyer,hcollyerno@marketwatch.com,699-840-8248,2/3/1918,$29986.41,Ethiopia
Nolan Chancellor,nchancellornp@google.nl,998-603-6896,1/2/1981,$61417.64,Paraguay
Devin Vaud,dvaudnq@cmu.edu,330-901-0876,10/23/2010,$88086.40,Poland
Risa McQuode,rmcquodenr@1688.com,175-156-1983,10/22/1964,$64204.09,Portugal
Devi Gokes,dgokesns@japanpost.jp,775-573-3682,5/24/1963,$52055.88,Sweden
Salomone Chisnall,schisnallnt@1688.com,941-761-0369,9/4/1916,$55629.65,Sweden
Kerrin Crayden,kcraydennu@mozilla.com,418-731-5281,2/6/1907,$82267.99,Russia
Marion Butterfield,mbutterfieldnv@drupal.org,188-332-9708,12/2/1989,$37022.26,Indonesia
Leyla Purrier,lpurriernw@eventbrite.com,391-441-5723,11/7/1992,$88527.20,Sierra Leone
Elfie Toop,etoopnx@amazonaws.com,387-998-1422,4/2/1913,$46205.03,Indonesia
Allard Stanlack,astanlackny@i2i.jp,480-597-0631,7/17/1981,$74239.51,China
Cordell Petracci,cpetraccinz@parallels.com,598-867-9987,8/18/1958,$79150.87,Ecuador
Conan Saph,csapho0@va.gov,186-288-2740,4/4/1962,$85620.07,Portugal
Ester Clemmensen,eclemmenseno1@bluehost.com,536-832-2461,9/27/1948,$25400.40,Indonesia
Corette Airs,cairso2@psu.edu,763-978-9738,5/26/1938,$2657.99,China
Aubert Oughtright,aoughtrighto3@earthlink.net,882-801-8731,10/19/1983,$11971.91,Poland
Bethanne Abden,babdeno4@webeden.co.uk,699-283-1049,9/26/2023,$51091.15,Russia
Ode Livingstone,olivingstoneo5@earthlink.net,107-860-3717,7/14/1962,$17218.34,China
Evelyn Corkill,ecorkillo6@merriam-webster.com,670-201-3285,6/1/1944,$83904.65,China
Inez Aberkirder,iaberkirdero7@parallels.com,137-624-9340,10/24/1992,$51184.63,China
Miof mela Arnecke,mmelao8@cdbaby.com,830-245-0716,7/4/1974,$51719.89,Russia
Steffen Orae,soraeo9@qq.com,610-229-3166,10/30/1901,$93280.87,France
Trudi Autie,tautieoa@google.com.au,942-382-6908,7/18/1910,$92827.83,Belarus
Kelsy Tudor,ktudorob@friendfeed.com,334-472-6032,5/14/1943,$86206.85,Vietnam
Betsy Curteis,bcurteisoc@psu.edu,898-316-8156,11/18/1913,$85861.56,Philippines
Percy Sawden,psawdenod@imdb.com,306-812-3667,11/9/1921,$78089.95,China
Lindie Bauldrey,lbauldreyoe@netlog.com,575-736-4926,12/30/1962,$80660.58,Vietnam
Evonne Gutherson,eguthersonof@unblog.fr,360-358-1675,11/28/1956,$46890.17,Indonesia
Leupold Bowry,lbowryog@jugem.jp,354-121-7888,3/9/1995,$36847.67,Peru
Marleen Skerman,mskermanoh@epa.gov,676-338-8954,5/20/1984,$22340.89,Portugal
Emelita Yakolev,eyakolevoi@fotki.com,155-503-5299,3/1/1998,$65650.21,Sweden
Miran Channer,mchanneroj@i2i.jp,979-832-4172,5/2/1992,$62204.46,Russia
Nelly Pomfret,npomfretok@paypal.com,622-148-1485,1/17/1965,$78706.97,Finland
Michelina Plimmer,mplimmerol@hostgator.com,633-856-9810,7/10/2021,$5382.12,Colombia
Devora Adaway,dadawayom@t-online.de,664-641-5487,9/27/2011,$75337.56,Indonesia
Isobel Counter,icounteron@umn.edu,206-606-8269,3/14/1943,$38843.00,Morocco
Kassey O'Hollegan,koholleganoo@nifty.com,273-424-5639,3/30/2014,$97251.47,China
Kit McMeekan,kmcmeekanop@scribd.com,828-726-7006,11/14/1944,$9002.49,Japan
Marco Durman,mdurmanoq@csmonitor.com,913-774-3611,2/16/1914,$54215.97,Poland
Colette Dollin,cdollinor@gizmodo.com,352-211-8873,5/20/1965,$90284.50,Poland
Derward Dawkes,ddawkesos@elpais.com,758-597-9461,3/1/2007,$88168.26,Russia
Celine Sarjant,csarjantot@tinyurl.com,234-191-2616,4/29/1912,$50360.70,Ethiopia
Mel Misson,mmissonou@networksolutions.com,952-332-3867,11/15/1906,$34964.89,Czech Republic
Reyna Wellstead,rwellsteadov@sitemeter.com,993-115-2482,10/30/1965,$76221.87,Ecuador
Odelle Slowan,oslowanow@cnn.com,497-353-8695,2/13/1929,$5700.98,Portugal
Rochell Lippiello,rlippielloox@cargocollective.com,402-653-3632,6/4/1988,$40704.73,Indonesia
Celina Presdee,cpresdeeoy@cdbaby.com,508-745-1169,12/16/1938,$38796.11,Canada
Bengt Ingreda,bingredaoz@i2i.jp,564-624-0739,12/6/1951,$98459.03,China
King Wastling,kwastlingp0@lycos.com,988-295-6632,11/17/1994,$67043.87,China
Elke Gilbank,egilbankp1@chicagotribune.com,957-121-6531,10/7/1944,$64423.98,Kenya
Katey Haggarth,khaggarthp2@vk.com,686-693-7369,9/13/2000,$43117.92,China
Arielle Oboy,aoboyp3@nhs.uk,175-634-5781,6/4/1946,$42916.63,China
Gwenora Murrey,gmurreyp4@myspace.com,546-298-4455,5/20/1972,$17149.58,Greece
Barb Jakoub,bjakoubp5@foxnews.com,549-387-4294,4/4/1922,$66502.84,China
Sydel Thorby,sthorbyp6@rambler.ru,391-230-8916,5/1/1967,$32470.38,Philippines
Dayle Hunn,dhunnp7@live.com,349-538-4698,2/17/1978,$52717.54,Reunion
Humfried Corinton,hcorintonp8@dailymail.co.uk,769-484-8072,6/16/1943,$83735.96,China
Lucille Grichukhanov,lgrichukhanovp9@imageshack.us,281-699-5481,12/16/2014,$40906.25,China
Bowie Jeyness,bjeynesspa@tiny.cc,793-330-4054,6/28/1990,$62820.78,Czech Republic
Lief Ughi,lughipb@t.co,988-135-4901,4/13/2018,$90160.47,Kazakhstan
Wendel Crutchley,wcrutchleypc@shutterfly.com,740-277-7992,4/29/2009,$1613.97,Bulgaria
Dru Dawby,ddawbypd@e-recht24.de,390-333-6182,10/27/1924,$45406.26,China
Hildegaard Verny,hvernype@psu.edu,376-939-3022,11/25/1931,$25272.41,Mexico
Goldia MacSkeagan,gmacskeaganpf@plala.or.jp,618-956-1342,6/5/2019,$49137.50,China
Chucho Sainter,csainterpg@about.me,876-190-0403,4/4/1940,$99093.28,China
Kandy Quinet,kquinetph@java.com,897-969-0053,11/3/1972,$29293.70,Indonesia
Falito Cansdall,fcansdallpi@webeden.co.uk,731-679-4575,3/19/1953,$38949.51,Greece
Aharon Flag,aflagpj@cocolog-nifty.com,727-626-0062,10/7/1902,$36218.83,Portugal
Emmalynn Keers,ekeerspk@linkedin.com,609-194-3017,3/2/1978,$42409.26,Pakistan
Robert Lopez,rlopezpl@businessweek.com,781-696-6685,11/25/1945,$28449.32,China
Abbie Swanger,aswangerpm@skyrock.com,502-275-6196,8/29/1968,$86024.81,Pakistan
Isac Asquez,iasquezpn@un.org,695-744-3025,12/10/1947,$67801.31,Indonesia
Corri Faltin,cfaltinpo@gravatar.com,380-151-1826,1/25/1968,$6519.59,China
Park Darley,pdarleypp@a8.net,145-196-6413,12/18/2004,$93459.94,Nigeria
Elene Tinan,etinanpq@multiply.com,871-957-1067,4/16/1924,$7410.41,Poland
Tessi Drover,tdroverpr@dmoz.org,550-821-3548,1/27/1914,$77153.91,China
Waring MacHarg,wmachargps@cargocollective.com,864-784-9572,5/16/2021,$52619.13,Nepal
Woodrow Winney,wwinneypt@networksolutions.com,918-197-6928,1/15/1923,$45380.06,France
Paxton Martinson,pmartinsonpu@gravatar.com,898-589-0047,3/3/1961,$96049.32,China
Salvidor Charnley,scharnleypv@deliciousdays.com,520-279-7132,4/12/2012,$8221.56,French Guiana
Sondra Scopes,sscopespw@imgur.com,726-685-1878,11/10/1991,$2143.33,Philippines
Elsie Lamey,elameypx@deviantart.com,993-845-8140,9/7/2014,$35700.02,Thailand
Dore Chamberlaine,dchamberlainepy@tuttocitta.it,666-575-5709,9/30/1945,$49593.81,Egypt
Irvine Prestner,iprestnerpz@odnoklassniki.ru,525-903-0477,9/10/1990,$97736.87,China
Bidget O'Hara,boharaq0@ucsd.edu,452-674-2206,10/16/1963,$66758.29,New Zealand
Arvy Peteri,apeteriq1@delicious.com,507-422-0394,11/18/1990,$65466.90,Estonia
Renado Le Page,rleq2@marketwatch.com,507-117-6684,10/15/1900,$44629.62,Poland
Farleigh Karran,fkarranq3@shinystat.com,706-455-4691,11/5/1961,$43889.63,Portugal
Haydon Nys,hnysq4@artisteer.com,753-284-8607,3/20/1976,$30529.34,China
Kelila Charer,kcharerq5@last.fm,262-672-3895,8/18/1954,$75431.79,Indonesia
Lydon Royce,lroyceq6@theguardian.com,860-883-5796,4/20/1998,$7062.46,Ukraine
Fleur McClosh,fmccloshq7@dedecms.com,504-497-6833,6/5/2013,$59684.31,Costa Rica
Alisander Belderson,abeldersonq8@stanford.edu,919-139-9493,2/4/1927,$57070.95,Georgia
Bertina Whoston,bwhostonq9@skyrock.com,901-789-3722,5/18/1993,$73718.54,Sweden
Godfree Coomber,gcoomberqa@cdbaby.com,914-192-0446,10/22/1968,$25920.33,Chile
Lil Mullis,lmullisqb@census.gov,188-437-8757,4/10/2012,$72678.75,Dominican Republic
Essa Sazio,esazioqc@wp.com,457-104-8158,12/1/1917,$29191.92,China
Audre Thomel,athomelqd@tamu.edu,844-368-4064,5/29/2012,$47756.83,Philippines
Dory Lesurf,dlesurfqe@yolasite.com,800-985-8122,5/19/1901,$58338.29,Japan
Auberon Beidebeke,abeidebekeqf@mapy.cz,339-141-2280,5/17/2015,$47500.73,Indonesia
Bud Lethcoe,blethcoeqg@umn.edu,199-835-4934,10/31/1909,$87773.95,China
Malvin Freed,mfreedqh@ucsd.edu,215-716-8878,6/5/1971,$83781.74,Haiti
Elayne Yglesia,eyglesiaqi@usda.gov,763-380-9311,1/30/1977,$27980.44,Portugal
Iosep Tregear,itregearqj@sfgate.com,804-256-1249,8/31/1987,$95388.94,Panama
Berti Snalom,bsnalomqk@reddit.com,996-355-3813,12/23/2008,$84567.57,Morocco
Guillermo Hercock,ghercockql@fastcompany.com,792-324-5293,8/13/1910,$70636.19,Thailand
Katrina Sudell,ksudellqm@liveinternet.ru,508-675-2848,11/23/2008,$47195.81,China
Rowan Gawthrop,rgawthropqn@sfgate.com,926-651-5053,9/29/1957,$40502.57,Mexico
Filberte Foxcroft,ffoxcroftqo@miitbeian.gov.cn,258-488-7263,8/21/1938,$67804.67,France
Guinevere Tavner,gtavnerqp@google.es,885-317-2054,1/13/1916,$5413.35,Argentina
Virginia Shenley,vshenleyqq@dmoz.org,310-307-7789,2/25/1912,$56923.42,Slovenia
Wright Yakobovitz,wyakobovitzqr@cafepress.com,445-698-6306,4/23/1960,$88874.53,China
Parker Bletsor,pbletsorqs@de.vu,723-293-0842,1/24/1932,$51352.81,Australia
Riannon D'Alessio,rdalessioqt@wsj.com,372-403-4700,1/31/1920,$51355.14,Canada
Coleen Fourcade,cfourcadequ@arstechnica.com,769-164-4619,11/25/2009,$61779.81,Poland
Bard Seymark,bseymarkqv@ezinearticles.com,830-143-3292,10/28/1989,$48093.90,China
Janaya Carlick,jcarlickqw@hhs.gov,618-960-2456,8/6/2005,$48203.56,China
Gabe Warrender,gwarrenderqx@mozilla.org,523-645-7241,2/1/1984,$21478.73,Colombia
Karlene Winks,kwinksqy@gnu.org,751-449-0057,11/28/2020,$88686.39,France
Elinor Hierro,ehierroqz@nbcnews.com,484-606-2604,5/11/1921,$58874.88,Brazil
Lana Foxall,lfoxallr0@skype.com,390-364-2485,8/24/1990,$94030.13,China
Angela Shires,ashiresr1@skyrock.com,235-522-3157,7/27/2009,$66207.79,Indonesia
Betta Frensch,bfrenschr2@geocities.com,889-672-9128,10/5/1939,$80784.72,Indonesia
Benedicta Worboys,bworboysr3@craigslist.org,725-298-3735,2/18/1903,$94958.87,France
Buffy Radband,bradbandr4@devhub.com,657-177-7484,11/16/1906,$45092.00,China
Nicolina Steinson,nsteinsonr5@cnn.com,407-893-2932,8/31/1902,$99409.18,Argentina
Rogerio Salling,rsallingr6@hatena.ne.jp,446-129-4849,1/19/1961,$963.63,Serbia
Marni Gasparro,mgasparror7@whitehouse.gov,729-206-6433,2/28/1938,$58619.38,Yemen
Norry Birdwhistell,nbirdwhistellr8@dmoz.org,165-393-7673,9/12/1906,$19747.24,Czech Republic
Blakeley Checcuzzi,bcheccuzzir9@earthlink.net,299-808-0986,11/3/2003,$54601.52,Indonesia
Pietrek Scorer,pscorerra@yelp.com,990-292-9207,10/22/1958,$59321.61,Mauritius
Justinian Maletratt,jmaletrattrb@vinaora.com,810-559-8860,4/29/1992,$64355.44,Faroe Islands
Holly-anne Staynes,hstaynesrc@bluehost.com,379-798-9267,2/15/2003,$1068.21,Mexico
Martie Pritchett,mpritchettrd@g.co,221-870-6254,4/9/2002,$96715.77,China
Danya Mosedall,dmosedallre@netscape.com,265-380-0534,2/1/1988,$95999.63,Latvia
Whit Keyser,wkeyserrf@ca.gov,775-961-9100,1/10/1974,$19563.04,Uruguay
Brewer Crabbe,bcrabberg@google.de,851-762-0668,4/30/2009,$15879.18,Serbia
Avrom Kiddell,akiddellrh@1und1.de,189-451-2377,2/26/1972,$80438.36,Costa Rica
Keelby Hame,khameri@youku.com,840-789-3271,11/1/1971,$40341.06,Indonesia
Roobbie Longworth,rlongworthrj@mozilla.com,677-755-2745,2/3/1902,$31108.11,Philippines
Rebeka Siggens,rsiggensrk@techcrunch.com,980-963-1442,4/30/1988,$92053.86,Denmark
Darya McDowall,dmcdowallrl@goo.ne.jp,532-728-2501,5/7/2022,$96287.56,Greece
Launce Cristoforetti,lcristoforettirm@drupal.org,208-160-9261,2/3/2019,$83664.08,China
Chrotoem Pardal,cpardalrn@altervista.org,937-152-3002,8/30/1954,$56509.47,Peru
Hester Schuricht,hschurichtro@so-net.ne.jp,427-164-9907,10/1/1933,$13774.44,France
Dewey Furlong,dfurlongrp@ebay.com,791-891-2627,10/26/1934,$79436.66,Tunisia
Lesli de Clercq,lderq@ebay.co.uk,429-977-7958,9/28/1985,$21434.88,Indonesia
Liana Curd,lcurdrr@home.pl,126-215-8806,8/22/1921,$83882.48,Thailand
